0.0000 0.5104 0.4514 0.5749 0.1260 0.5013 0.5027 0.1442 0.8238 0.4198 0.3302 0.3302 0.5348 0.8729 0.7808 0.9844 0.4642 0.1000 0.6471 0.3072 0.3803 0.2571 0.5749 0.3958 0.5348 0.5117 0.2621 0.1260 0.1260 0.4626 0.4626 0.3332 0.6028 0.7411 0.4198 0.3302 0.4021 0.4198 0.7769 0.1260 0.1442 1.2485 0.7186 0.4179 0.5429 0.5348 0.3271 0.5337 0.2571 0.2080 3.5450 3.2463 3.7077 2.7457 3.3635 3.1642 3.4318 2.0575 3.3528 2.6142 2.3603 2.9157 2.7595 3.3878 2.3096 3.2039 3.1827 2.7611 3.2871 2.5952 3.5287 2.7257 3.6292 3.3702 3.0414 3.1823 3.5905 3.7856 3.2054 2.2048 2.5171 2.4144 2.5953 3.7946 3.1794 3.2161 3.4841 3.1677 2.7704 2.7131 3.0650 3.2903 2.6984 2.0878 2.8813 2.8559 2.8730 3.0099 1.7993 2.7838 4.8093 3.8354 4.7342 4.3112 4.5797 5.4650 3.2451 5.0995 4.5529 5.0034 3.8986 4.0604 4.3235 3.7728 3.9576 4.1370 4.2337 5.5879 5.7884 3.7272 4.5569 3.6637 5.5681 3.6646 4.4892 4.8019 3.5588 3.6367 4.3706 4.5997 4.9494 5.3463 4.3904 3.8011 4.2643 5.0760 4.4219 4.2224 3.5371 4.2498 4.4630 4.0374 3.8354 4.7226 4.5753 4.0887 3.7867 3.9911 4.2095 3.8118
0.5104 0.0000 0.2571 0.3072 0.6009 0.9615 0.4514 0.4041 0.5013 0.1442 0.7769 0.4179 0.1260 0.6249 1.2021 1.4835 0.9521 0.5117 1.0170 0.8052 0.6000 0.7114 0.6746 0.4465 0.5749 0.2080 0.4327 0.5348 0.4498 0.2884 0.2154 0.5828 1.1079 1.2481 0.1442 0.2571 0.6993 0.1442 0.5013 0.4179 0.5040 0.7423 0.5117 0.5828 0.8676 0.1260 0.8082 0.3271 0.7417 0.3037 3.6071 3.2826 3.7580 2.6900 3.3932 3.1629 3.4608 1.9650 3.3916 2.5916 2.2086 2.9298 2.7113 3.4026 2.3098 3.2573 3.1857 2.7568 3.2616 2.5623 3.5412 2.7432 3.6328 3.3817 3.0757 3.2282 3.6317 3.8227 3.2179 2.1792 2.4654 2.3580 2.5903 3.7973 3.1785 3.2374 3.5295 3.1554 2.7745 2.6800 3.0467 3.3088 2.6856 1.9760 2.8705 2.8629 2.8763 3.0336 1.7052 2.7821 4.8242 3.8332 4.7715 4.3255 4.5991 5.5085 3.2169 5.1371 4.5667 5.0446 3.9276 4.0743 4.3557 3.7592 3.9587 4.1595 4.2564 5.6393 5.8251 3.7010 4.5912 3.6607 5.6112 3.6777 4.5180 4.8432 3.5728 3.6518 4.3852 4.6431 4.9916 5.4100 4.4049 3.8168 4.2655 5.1304 4.4403 4.2431 3.5498 4.2883 4.4908 4.0800 3.8332 4.7512 4.6031 4.1206 3.7900 4.0166 4.2269 3.8201
0.4514 0.2571 0.0000 0.2154 0.4514 0.9118 0.2224 0.3503 0.3803 0.2621 0.7808 0.3302 0.2224 0.4327 1.2263 1.4000 0.8854 0.4531 1.0860 0.6611 0.7459 0.5896 0.4514 0.5383 0.6082 0.3958 0.4121 0.5429 0.5117 0.3000 0.3072 0.7160 0.9521 1.1480 0.2621 0.3037 0.8138 0.2621 0.3271 0.4309 0.3803 0.9037 0.3000 0.5254 0.7958 0.2224 0.6746 0.1260 0.7041 0.3072 3.7610 3.4165 3.9040 2.8128 3.5312 3.2761 3.5868 2.0825 3.5345 2.6941 2.3462 3.0482 2.8599 3.5251 2.4246 3.4062 3.2928 2.8813 3.4010 2.6859 3.6518 2.8774 3.7632 3.5064 3.2163 3.3733 3.7781 3.9587 3.3379 2.3131 2.5902 2.4858 2.7159 3.9135 3.2809 3.3536 3.6718 3.3003 2.8853 2.7965 3.1588 3.4318 2.8118 2.1005 2.9841 2.9775 2.9906 3.1659 1.8221 2.8983 4.9336 3.9417 4.9052 4.4433 4.7172 5.6476 3.3170 5.2740 4.6961 5.1732 4.0522 4.1974 4.4850 3.8670 4.0598 4.2758 4.3799 5.7758 5.9636 3.8269 4.7191 3.7629 5.7525 3.8023 4.6423 4.9805 3.6941 3.7682 4.5036 4.7842 5.1331 5.5555 4.5223 3.9414 4.3829 5.2760 4.5510 4.3638 3.6637 4.4213 4.6129 4.2131 3.9417 4.8750 4.7230 4.2467 3.9150 4.1406 4.3368 3.9301
0.5749 0.3072 0.2154 0.0000 0.5749 1.0132 0.3072 0.4498 0.2571 0.3037 0.8996 0.3302 0.2224 0.4531 1.3543 1.5235 1.0132 0.5759 1.1895 0.7769 0.8178 0.7041 0.6300 0.5518 0.4626 0.4041 0.4642 0.6542 0.6249 0.1442 0.2080 0.8178 1.0677 1.2726 0.3037 0.4514 0.9287 0.3037 0.2571 0.5337 0.5155 0.8052 0.2571 0.5779 0.8143 0.2224 0.7769 0.1260 0.8238 0.4179 3.6423 3.2720 3.7720 2.6303 3.3876 3.0965 3.4322 1.8865 3.3950 2.5110 2.1477 2.8876 2.6967 3.3584 2.2637 3.2828 3.1141 2.7090 3.2403 2.5077 3.4824 2.7305 3.5993 3.3373 3.0767 3.2434 3.6428 3.8147 3.1731 2.1521 2.4083 2.3041 2.5518 3.7375 3.0972 3.1917 3.5364 3.1463 2.7102 2.6159 2.9717 3.2678 2.6437 1.9056 2.8053 2.8027 2.8169 3.0143 1.6442 2.7264 4.7653 3.7648 4.7573 4.2715 4.5527 5.5015 3.1284 5.1220 4.5320 5.0292 3.9006 4.0347 4.3358 3.6903 3.8943 4.1206 4.2163 5.6330 5.8151 3.6479 4.5712 3.5873 5.6068 3.6437 4.4850 4.8317 3.5345 3.6031 4.3381 4.6389 4.9897 5.4261 4.3582 3.7749 4.2012 5.1475 4.3883 4.1970 3.4974 4.2789 4.4619 4.0833 3.7648 4.7191 4.5713 4.1051 3.7543 3.9863 4.1737 3.7551
0.1260 0.6009 0.4514 0.5749 0.0000 0.5013 0.4179 0.2080 0.8238 0.5040 0.4041 0.2884 0.6082 0.8373 0.8359 0.9524 0.4642 0.1442 0.7237 0.2224 0.4626 0.2224 0.5040 0.4344 0.5205 0.6073 0.2884 0.2154 0.2520 0.4626 0.5205 0.4327 0.5130 0.6986 0.5040 0.4160 0.5027 0.5040 0.7565 0.2154 0.1442 1.3246 0.6550 0.4179 0.5217 0.6082 0.2571 0.5040 0.3072 0.3000 3.5760 3.2647 3.7339 2.7689 3.3869 3.1740 3.4456 2.0878 3.3778 2.6251 2.4026 2.9277 2.7949 3.4010 2.3231 3.2322 3.1886 2.7779 3.3159 2.6159 3.5355 2.7479 3.6493 3.3848 3.0655 3.2088 3.6184 3.8066 3.2182 2.2318 2.5410 2.4403 2.6142 3.8059 3.1836 3.2250 3.5081 3.1986 2.7783 2.7307 3.0767 3.3032 2.7184 2.1230 2.8936 2.8648 2.8833 3.0290 1.8328 2.7965 4.8164 3.8442 4.7543 4.3218 4.5911 5.4877 3.2554 5.1205 4.5713 5.0217 3.9132 4.0757 4.3414 3.7835 3.9648 4.1483 4.2471 5.6101 5.8119 3.7467 4.5739 3.6701 5.5924 3.6815 4.5030 4.8223 3.5737 3.6473 4.3830 4.6228 4.9742 5.3743 4.4028 3.8158 4.2753 5.1043 4.4300 4.2337 3.5467 4.2698 4.4777 4.0595 3.8442 4.7368 4.5886 4.1068 3.8052 4.0061 4.2171 3.8189
0.5013 0.9615 0.9118 1.0132 0.5013 0.0000 0.8729 0.5896 1.2672 0.8759 0.2884 0.7047 0.9997 1.3206 0.5828 0.5429 0.4000 0.4919 0.3072 0.3332 0.5104 0.3503 0.9619 0.6249 0.7094 0.9291 0.5749 0.4448 0.5518 0.8858 0.9033 0.5104 0.3708 0.3979 0.8759 0.8143 0.5155 0.8759 1.2167 0.5518 0.5779 1.6973 1.1227 0.5155 0.3302 0.9909 0.3332 0.9619 0.2924 0.6804 3.1893 2.9094 3.3616 2.5709 3.0503 2.8861 3.0959 1.9842 3.0310 2.3743 2.3496 2.6115 2.5968 3.0844 2.0485 2.8599 2.8853 2.5110 3.0620 2.3953 3.2076 2.4424 3.3493 3.0789 2.7281 2.8496 3.2669 3.4499 2.9044 2.0224 2.3501 2.2632 2.3484 3.5027 2.8850 2.8853 3.1427 2.9332 2.4820 2.5009 2.8186 2.9799 2.4629 2.0386 2.6251 2.5659 2.5903 2.7061 1.7447 2.5152 4.4766 3.5429 4.3907 3.9957 4.2509 5.1165 3.0007 4.7613 4.2471 4.6463 3.5588 3.7506 3.9845 3.4981 3.6518 3.7997 3.9078 5.2293 5.4495 3.4869 4.2092 3.3680 5.2244 3.3611 4.1471 4.4551 3.2516 3.3197 4.0527 4.2582 4.6087 4.9805 4.0713 3.4951 3.9761 4.7168 4.0851 3.8958 3.2230 3.9029 4.1218 3.6853 3.5429 4.3801 4.2298 3.7482 3.4975 3.6601 3.8742 3.5007
0.5027 0.4514 0.2224 0.3072 0.4179 0.8729 0.0000 0.4041 0.5117 0.3979 0.8148 0.2571 0.4309 0.5013 1.2500 1.3263 0.8613 0.5013 1.1245 0.5749 0.8143 0.5360 0.4179 0.5440 0.5117 0.5155 0.4179 0.6028 0.6009 0.2621 0.3530 0.8010 0.8282 1.0749 0.3979 0.4327 0.9012 0.3979 0.4198 0.5027 0.4041 1.1006 0.2621 0.4642 0.6804 0.4160 0.5828 0.2080 0.7192 0.4041 3.7109 3.3430 3.8439 2.7429 3.4642 3.1859 3.5047 2.0189 3.4731 2.5970 2.3153 2.9603 2.8185 3.4417 2.3376 3.3507 3.1940 2.8062 3.3425 2.6142 3.5538 2.8091 3.6900 3.4273 3.1530 3.3140 3.7205 3.8869 3.2519 2.2537 2.5232 2.4238 2.6412 3.8244 3.1779 3.2627 3.6076 3.2473 2.7913 2.7160 3.0713 3.3483 2.7389 2.0486 2.8963 2.8875 2.9008 3.0937 1.7611 2.8118 4.8331 3.8444 4.8295 4.3533 4.6255 5.5775 3.2169 5.2028 4.6190 5.0924 3.9671 4.1132 4.4048 3.7711 3.9549 4.1824 4.2948 5.7041 5.8933 3.7529 4.6367 3.6594 5.6856 3.7207 4.5565 4.9090 3.6086 3.6764 4.4135 4.7180 5.0669 5.4949 4.4310 3.8599 4.2964 5.2132 4.4524 4.2755 3.5697 4.3449 4.5248 4.1378 3.8444 4.7882 4.6326 4.1640 3.8348 4.0556 4.2376 3.8324
0.1442 0.4041 0.3503 0.4498 0.2080 0.5896 0.4041 0.0000 0.6993 0.3072 0.4498 0.2080 0.4198 0.7786 0.9106 1.1055 0.5896 0.1587 0.7465 0.4041 0.4160 0.3302 0.5819 0.3332 0.4160 0.4021 0.2080 0.2080 0.2080 0.3302 0.3302 0.4160 0.7061 0.8609 0.3072 0.3271 0.5117 0.3072 0.6604 0.1000 0.2154 1.1357 0.6145 0.4041 0.5155 0.4198 0.4041 0.4179 0.3780 0.1260 3.4899 3.1731 3.6440 2.6406 3.2890 3.0684 3.3534 1.9439 3.2817 2.5147 2.2411 2.8303 2.6621 3.3005 2.2195 3.1433 3.0891 2.6657 3.1963 2.4932 3.4418 2.6449 3.5417 3.2809 2.9683 3.1168 3.5227 3.7139 3.1183 2.1080 2.4113 2.3074 2.5029 3.7022 3.0838 3.1327 3.4172 3.0810 2.6771 2.6115 2.9635 3.2047 2.6036 1.9725 2.7838 2.7629 2.7799 2.9293 1.6908 2.6900 4.7250 3.7426 4.6627 4.2235 4.4971 5.3964 3.1449 5.0263 4.4688 4.9346 3.8229 3.9764 4.2498 3.6786 3.8716 4.0592 4.1512 5.5217 5.7177 3.6292 4.4850 3.5718 5.4996 3.5815 4.4116 4.7308 3.4754 3.5515 4.2861 4.5301 4.8810 5.2888 4.3067 3.7149 4.1696 5.0179 4.3403 4.1382 3.4509 4.1806 4.3883 3.9749 3.7426 4.6460 4.5007 4.0185 3.7015 3.9132 4.1273 3.7216
0.8238 0.5013 0.3803 0.2571 0.8238 1.2672 0.5117 0.6993 0.0000 0.5130 1.1480 0.5819 0.4041 0.3107 1.5983 1.7738 1.2618 0.8243 1.4348 1.0241 1.0483 0.9524 0.7459 0.7725 0.6797 0.6082 0.7094 0.9000 0.8604 0.3958 0.4309 1.0428 1.3088 1.5223 0.5130 0.6308 1.1568 0.5130 0.1260 0.7769 0.7571 0.6028 0.3037 0.7958 1.0641 0.4041 1.0260 0.3271 1.0749 0.6542 3.8091 3.4204 3.9301 2.7348 3.5364 3.2179 3.5727 1.9679 3.5502 2.6146 2.2048 3.0193 2.8242 3.4919 2.3932 3.4455 3.2306 2.8417 3.3668 2.6278 3.6038 2.8773 3.7324 3.4719 3.2307 3.4021 3.7997 3.9621 3.3045 2.2892 2.5203 2.4179 2.6859 3.8597 3.2072 3.3249 3.6916 3.2837 2.8332 2.7280 3.0849 3.4031 2.7740 1.9834 2.9248 2.9299 2.9426 3.1599 1.7360 2.8526 4.8830 3.8779 4.9003 4.3976 4.6791 5.6487 3.2190 5.2672 4.6649 5.1712 4.0366 4.1648 4.4748 3.7972 4.0010 4.2471 4.3494 5.7844 5.9590 3.7632 4.7090 3.6947 5.7554 3.7760 4.6198 4.9787 3.6651 3.7298 4.4639 4.7897 5.1392 5.5874 4.4829 3.9086 4.3224 5.3017 4.5098 4.3272 3.6215 4.4224 4.5933 4.2274 3.8779 4.8522 4.7012 4.2414 3.8818 4.1206 4.2948 3.8737
0.4198 0.1442 0.2621 0.3037 0.5040 0.8759 0.3979 0.3072 0.5130 0.0000 0.6993 0.3107 0.1442 0.6550 1.1411 1.3986 0.8759 0.4327 0.9550 0.7107 0.5440 0.6308 0.6527 0.4448 0.4531 0.1587 0.3826 0.4514 0.3826 0.2224 0.1442 0.5636 1.0089 1.1570 0.0000 0.3107 0.6611 0.0000 0.5130 0.3302 0.4327 0.8397 0.5130 0.5759 0.7617 0.2224 0.7067 0.3107 0.6550 0.2224 3.5364 3.2114 3.6852 2.6247 3.3219 3.0817 3.3882 1.9041 3.3153 2.5257 2.1588 2.8614 2.6407 3.3232 2.2467 3.1886 3.1103 2.6730 3.1968 2.4870 3.4719 2.6734 3.5571 3.2975 3.0023 3.1582 3.5574 3.7516 3.1442 2.1079 2.3943 2.2854 2.5171 3.7187 3.1027 3.1659 3.4578 3.0854 2.6984 2.6103 2.9648 3.2306 2.6115 1.9196 2.7943 2.7818 2.7991 2.9581 1.6630 2.7073 4.7578 3.7629 4.7002 4.2467 4.5285 5.4326 3.1519 5.0572 4.4892 4.9793 3.8622 4.0030 4.2883 3.6953 3.9057 4.0995 4.1795 5.5631 5.7508 3.6261 4.5264 3.5968 5.5336 3.6095 4.4467 4.7652 3.5054 3.5816 4.3147 4.5637 4.9162 5.3351 4.3371 3.7366 4.1788 5.0650 4.3771 4.1657 3.4810 4.2231 4.4297 4.0270 3.7629 4.6829 4.5428 4.0643 3.7245 3.9496 4.1638 3.7461
0.3302 0.7769 0.7808 0.8996 0.4041 0.2884 0.8148 0.4498 1.1480 0.6993 0.0000 0.6249 0.8247 1.2025 0.4905 0.7230 0.2884 0.3332 0.3332 0.3072 0.3271 0.3271 0.8609 0.5013 0.6746 0.7417 0.4642 0.2520 0.3302 0.7769 0.7565 0.3271 0.4179 0.5027 0.6993 0.6000 0.2571 0.6993 1.1055 0.3780 0.4327 1.5157 1.0425 0.5155 0.4642 0.8247 0.3072 0.8609 0.1000 0.5053 3.3830 3.1183 3.5593 2.7008 3.2411 3.0754 3.3112 2.0540 3.2192 2.5489 2.3805 2.8167 2.7021 3.2820 2.2315 3.0556 3.0915 2.6755 3.2103 2.5349 3.4280 2.6221 3.5292 3.2661 2.9160 3.0434 3.4521 3.6541 3.1046 2.1451 2.4714 2.3727 2.5139 3.6991 3.0913 3.1068 3.3435 3.0791 2.6804 2.6536 2.9896 3.1816 2.6217 2.0917 2.8030 2.7612 2.7829 2.8967 1.8028 2.6991 4.7040 3.7476 4.5994 4.2032 4.4678 5.3192 3.1823 4.9605 4.4400 4.8677 3.7785 3.9533 4.1973 3.6953 3.8730 4.0260 4.1168 5.4376 5.6485 3.6509 4.4285 3.5797 5.4213 3.5603 4.3657 4.6597 3.4559 3.5326 4.2637 4.4551 4.8056 5.1814 4.2845 3.6917 4.1664 4.9202 4.3147 4.1077 3.4367 4.1167 4.3442 3.9041 3.7476 4.5997 4.4566 3.9675 3.6900 3.8744 4.1039 3.7138
0.3302 0.4179 0.3302 0.3302 0.2884 0.7047 0.2571 0.2080 0.5819 0.3107 0.6249 0.0000 0.4179 0.6804 1.0858 1.2023 0.7218 0.3332 0.9264 0.4531 0.6009 0.3979 0.6145 0.3826 0.3000 0.4160 0.2520 0.4041 0.4160 0.2080 0.3000 0.6082 0.7423 0.9521 0.3107 0.4309 0.7186 0.3107 0.5372 0.3037 0.3332 1.1149 0.4626 0.4179 0.5013 0.4179 0.4498 0.2884 0.5348 0.2571 3.4808 3.1309 3.6196 2.5626 3.2499 2.9875 3.2992 1.8591 3.2487 2.4273 2.1632 2.7663 2.6106 3.2346 2.1521 3.1267 3.0060 2.5953 3.1433 2.4180 3.3680 2.5996 3.4826 3.2141 2.9332 3.0925 3.4956 3.6742 3.0524 2.0498 2.3343 2.2318 2.4391 3.6264 2.9950 3.0674 3.3876 3.0362 2.5978 2.5317 2.8767 3.1410 2.5374 1.8912 2.7036 2.6856 2.7036 2.8798 1.6171 2.6159 4.6528 3.6626 4.6198 4.1524 4.4322 5.3587 3.0543 4.9822 4.4101 4.8927 3.7711 3.9150 4.2029 3.5984 3.7969 4.0004 4.0895 5.4860 5.6778 3.5558 4.4387 3.4897 5.4635 3.5237 4.3558 4.6892 3.4149 3.4841 4.2204 4.4933 4.8464 5.2690 4.2416 3.6509 4.0904 4.9979 4.2731 4.0724 3.3812 4.1412 4.3362 3.9456 3.6626 4.5912 4.4471 3.9757 3.6423 3.8589 4.0591 3.6435
0.5348 0.1260 0.2224 0.2224 0.6082 0.9997 0.4309 0.4198 0.4041 0.1442 0.8247 0.4179 0.0000 0.5337 1.2618 1.5184 0.9909 0.5429 1.0846 0.8183 0.6753 0.7356 0.6611 0.5254 0.5749 0.2571 0.4747 0.5759 0.5053 0.2621 0.2154 0.6753 1.1176 1.2749 0.1442 0.2924 0.7775 0.1442 0.4041 0.4531 0.5217 0.7237 0.4198 0.6431 0.8841 0.2000 0.8183 0.2571 0.7775 0.3302 3.6541 3.3213 3.8002 2.7140 3.4322 3.1832 3.4956 1.9836 3.4293 2.6165 2.2238 2.9635 2.7389 3.4294 2.3446 3.3037 3.2091 2.7780 3.2955 2.5844 3.5715 2.7810 3.6623 3.4049 3.1146 3.2720 3.6719 3.8622 3.2480 2.2093 2.4870 2.3785 2.6199 3.8209 3.1994 3.2698 3.5711 3.1895 2.7988 2.7041 3.0630 3.3371 2.7131 1.9949 2.8932 2.8850 2.9008 3.0674 1.7378 2.8083 4.8568 3.8600 4.8101 4.3511 4.6316 5.5457 3.2400 5.1700 4.5960 5.0876 3.9671 4.1070 4.3955 3.7884 3.9964 4.1997 4.2863 5.6778 5.8624 3.7239 4.6327 3.6903 5.6476 3.7130 4.5532 4.8781 3.6080 3.6837 4.4173 4.6782 5.0297 5.4532 4.4387 3.8435 4.2826 5.1784 4.4763 4.2714 3.5816 4.3314 4.5325 4.1323 3.8600 4.7882 4.6449 4.1675 3.8256 4.0543 4.2627 3.8462
0.8729 0.6249 0.4327 0.4531 0.8373 1.3206 0.5013 0.7786 0.3107 0.6550 1.2025 0.6804 0.5337 0.0000 1.6358 1.7736 1.2796 0.8759 1.5154 1.0310 1.1725 0.9817 0.6257 0.9356 0.8887 0.7769 0.8238 0.9722 0.9364 0.5828 0.6316 1.1411 1.2854 1.5160 0.6550 0.7067 1.2302 0.6550 0.2154 0.8622 0.7851 0.7160 0.2621 0.8955 1.1605 0.5429 1.0477 0.3979 1.1208 0.7356 4.0925 3.7161 4.2208 3.0434 3.8321 3.5246 3.8722 2.2772 3.8433 2.9203 2.5144 3.3211 3.1259 3.7957 2.6940 3.7315 3.5369 3.1458 3.6697 2.9347 3.9077 3.1734 4.0359 3.7757 3.5239 3.6914 4.0913 4.2587 3.6079 2.5894 2.8284 2.7256 2.9883 4.1662 3.5137 3.6255 3.9838 3.5833 3.1388 3.0355 3.3929 3.7061 3.0779 2.2934 3.2314 3.2354 3.2480 3.4582 2.0405 3.1575 5.1863 4.1838 5.1992 4.7033 4.9830 5.9469 3.5234 5.5669 4.9689 5.4673 4.3359 4.4682 4.7741 4.1025 4.3008 4.5469 4.6531 6.0794 6.2584 4.0714 5.0076 3.9987 6.0531 4.0779 4.9213 5.2771 3.9671 4.0334 4.7680 5.0863 5.4360 5.8762 4.7864 4.2125 4.6295 5.5929 4.8110 4.6317 3.9253 4.7190 4.8926 4.5180 4.1838 5.1535 5.0001 4.5370 4.1846 4.4213 4.5959 4.1795
0.7808 1.2021 1.2263 1.3543 0.8359 0.5828 1.2500 0.9106 1.5983 1.1411 0.4905 1.0858 1.2618 1.6358 0.0000 0.4642 0.4198 0.7813 0.5130 0.7237 0.7399 0.7399 1.2164 0.9428 1.1595 1.1637 0.9283 0.7166 0.7606 1.2401 1.2149 0.6804 0.6257 0.3503 1.1411 1.0079 0.5348 1.1411 1.5529 0.8368 0.8613 1.9231 1.4823 0.9146 0.8887 1.2618 0.7459 1.3100 0.5636 0.9521 3.6048 3.3872 3.8009 3.0446 3.5189 3.3911 3.5853 2.4440 3.4892 2.8774 2.7673 3.1141 3.0475 3.5820 2.5455 3.3005 3.3953 3.0036 3.5312 2.8763 3.7148 2.9255 3.8338 3.5734 3.1968 3.3022 3.7111 3.9143 3.4049 2.4892 2.8201 2.7261 2.8389 4.0056 3.3969 3.3885 3.5968 3.3952 2.9899 2.9883 3.3183 3.4777 2.9509 2.4770 3.1256 3.0724 3.0956 3.1918 2.1743 3.0165 4.9762 4.0500 4.8471 4.4936 4.7427 5.5522 3.5147 5.2104 4.7257 5.0997 4.0414 4.2404 4.4541 4.0017 4.1543 4.2892 4.3959 5.6592 5.8873 3.9771 4.6758 3.8758 5.6545 3.8501 4.6269 4.9041 3.7455 3.8208 4.5466 4.7000 5.0447 5.3799 4.5650 3.9868 4.4761 5.1270 4.5816 4.3890 3.7268 4.3622 4.5993 4.1338 4.0500 4.8572 4.7081 4.2170 3.9850 4.1442 4.3731 4.0086
0.9844 1.4835 1.4000 1.5235 0.9524 0.5429 1.3263 1.1055 1.7738 1.3986 0.7230 1.2023 1.5184 1.7736 0.4642 0.0000 0.5429 0.9820 0.6082 0.7565 1.0141 0.8238 1.2549 1.1588 1.2167 1.4575 1.1036 0.9517 1.0428 1.3988 1.4318 1.0089 0.5636 0.2924 1.3986 1.2818 0.9098 1.3986 1.7051 1.0697 1.0263 2.2238 1.5796 1.0263 0.7916 1.5147 0.7612 1.4531 0.7459 1.1895 3.3529 3.1210 3.5453 2.9481 3.2937 3.1690 3.3032 2.4419 3.2593 2.7082 2.8182 2.8751 2.9820 3.3384 2.3732 3.0576 3.1439 2.8317 3.3942 2.7601 3.4318 2.7375 3.6269 3.3454 2.9776 3.0674 3.4860 3.6547 3.1659 2.4129 2.7377 2.6624 2.6801 3.7639 3.1448 3.0988 3.3411 3.2584 2.7611 2.8529 3.1326 3.2268 2.8008 2.5014 2.9367 2.8414 2.8759 2.9694 2.2099 2.8190 4.6713 3.8017 4.5722 4.2220 4.4580 5.2796 3.3192 4.9435 4.4832 4.7984 3.7561 3.9896 4.1791 3.7758 3.8876 3.9959 4.1213 5.3677 5.6269 3.8002 4.3865 3.6215 5.3924 3.6134 4.3327 4.6256 3.5007 3.5531 4.2776 4.4370 4.7874 5.0995 4.2943 3.7397 4.2324 4.8621 4.2752 4.1072 3.4608 4.0848 4.3110 3.8584 3.8017 4.5645 4.4085 3.9420 3.7639 3.8710 4.0677 3.7361
0.4642 0.9521 0.8854 1.0132 0.4642 0.4000 0.8613 0.5896 1.2618 0.8759 0.2884 0.7218 0.9909 1.2796 0.4198 0.5429 0.0000 0.4531 0.4531 0.3332 0.5819 0.3503 0.8311 0.6753 0.8267 0.9390 0.6000 0.4448 0.5217 0.8967 0.9138 0.5104 0.3708 0.3332 0.8759 0.7465 0.4179 0.8759 1.2021 0.5518 0.5053 1.6899 1.1055 0.5463 0.6249 0.9820 0.3979 0.9524 0.2924 0.6611 3.5501 3.2848 3.7295 2.9047 3.4180 3.2665 3.4754 2.2712 3.4026 2.7285 2.6104 2.9841 2.9251 3.4663 2.4046 3.2237 3.2659 2.8829 3.4063 2.7444 3.5853 2.8057 3.7195 3.4619 3.0978 3.2155 3.6330 3.8208 3.2809 2.3566 2.6844 2.5921 2.7090 3.8829 3.2657 3.2660 3.5127 3.2818 2.8610 2.8503 3.1913 3.3622 2.8213 2.3131 2.9946 2.9494 2.9680 3.0808 2.0022 2.8861 4.8492 3.9157 4.7606 4.3792 4.6263 5.4867 3.3571 5.1376 4.6231 5.0095 3.9288 4.1233 4.3528 3.8602 4.0056 4.1641 4.2889 5.5984 5.8171 3.8510 4.5751 3.7347 5.5941 3.7291 4.5227 4.8309 3.6206 3.6956 4.4268 4.6325 4.9772 5.3412 4.4424 3.8767 4.3629 5.0703 4.4540 4.2789 3.5976 4.2676 4.4850 4.0334 3.9157 4.7516 4.5925 4.1036 3.8597 4.0305 4.2436 3.8813
0.1000 0.5117 0.4531 0.5759 0.1442 0.4919 0.5013 0.1587 0.8243 0.4327 0.3332 0.3332 0.5429 0.8759 0.7813 0.9820 0.4531 0.0000 0.6463 0.3037 0.3826 0.2154 0.5759 0.3503 0.5360 0.5130 0.2224 0.1442 0.1442 0.4642 0.4642 0.3107 0.6091 0.7417 0.4327 0.3332 0.4041 0.4327 0.7775 0.1442 0.1260 1.2483 0.7192 0.3302 0.5348 0.5337 0.3302 0.5348 0.2621 0.2154 3.5345 3.2314 3.6962 2.7310 3.3496 3.1532 3.4162 2.0441 3.3430 2.5947 2.3501 2.8971 2.7521 3.3762 2.2887 3.1910 3.1671 2.7537 3.2725 2.5844 3.5093 2.7107 3.6173 3.3622 3.0294 3.1692 3.5802 3.7709 3.1901 2.1932 2.5056 2.4047 2.5818 3.7819 3.1639 3.1984 3.4712 3.1567 2.7560 2.6980 3.0553 3.2780 2.6859 2.0748 2.8679 2.8448 2.8596 2.9976 1.7767 2.7695 4.7874 3.8168 4.7189 4.2982 4.5615 5.4535 3.2250 5.0902 4.5413 4.9830 3.8784 4.0438 4.3051 3.7512 3.9279 4.1123 4.2203 5.5757 5.7758 3.7159 4.5366 3.6407 5.5582 3.6466 4.4721 4.7914 3.5398 3.6184 4.3526 4.5910 4.9383 5.3355 4.3706 3.7903 4.2570 5.0596 4.3982 4.2088 3.5178 4.2308 4.4397 4.0114 3.8168 4.7036 4.5510 4.0634 3.7676 3.9718 4.1857 3.7952
0.6471 1.0170 1.0860 1.1895 0.7237 0.3072 1.1245 0.7465 1.4348 0.9550 0.3332 0.9264 1.0846 1.5154 0.5130 0.6082 0.4531 0.6463 0.0000 0.6073 0.4514 0.6091 1.1895 0.7041 0.9291 0.9499 0.7423 0.5440 0.6009 1.0679 1.0241 0.4642 0.5518 0.4642 0.9550 0.8815 0.4642 0.9550 1.4051 0.6611 0.7571 1.7288 1.3532 0.7356 0.6082 1.0824 0.6018 1.1635 0.4198 0.7916 3.1327 2.8940 3.3192 2.5484 3.0231 2.8826 3.0912 1.9743 2.9943 2.3773 2.3115 2.6146 2.5526 3.0767 2.0479 2.8171 2.8922 2.4933 3.0330 2.3727 3.2201 2.4233 3.3295 3.0650 2.6984 2.8128 3.2221 3.4254 2.9019 1.9919 2.3223 2.2304 2.3337 3.4996 2.8932 2.8941 3.1097 2.8954 2.4845 2.4864 2.8083 2.9737 2.4455 2.0130 2.6187 2.5645 2.5890 2.6884 1.7238 2.5106 4.4896 3.5498 4.3652 3.9925 4.2507 5.0768 3.0149 4.7257 4.2264 4.6294 3.5554 3.7427 3.9695 3.5047 3.6733 3.8079 3.8989 5.1908 5.4099 3.4702 4.1973 3.3820 5.1790 3.3528 4.1400 4.4221 3.2488 3.3238 4.0513 4.2173 4.5660 4.9240 4.0720 3.4829 3.9673 4.6677 4.0988 3.8915 3.2302 3.8832 4.1198 3.6686 3.5498 4.3732 4.2316 3.7417 3.4883 3.6546 3.8895 3.5088
0.3072 0.8052 0.6611 0.7769 0.2224 0.3332 0.5749 0.4041 1.0241 0.7107 0.3072 0.4531 0.8183 1.0310 0.7237 0.7565 0.3332 0.3037 0.6073 0.0000 0.4642 0.1260 0.6374 0.5205 0.5383 0.8016 0.4062 0.3072 0.4062 0.6558 0.7192 0.4514 0.3302 0.5066 0.7107 0.6257 0.4642 0.7107 0.9524 0.4021 0.3302 1.5325 0.8282 0.3826 0.4021 0.8143 0.1260 0.7000 0.2154 0.5040 3.4531 3.1461 3.6141 2.7173 3.2792 3.0799 3.3267 2.0744 3.2678 2.5452 2.4202 2.8204 2.7498 3.2967 2.2317 3.1127 3.0852 2.6959 3.2445 2.5539 3.4211 2.6507 3.5558 3.2865 2.9579 3.0936 3.5083 3.6896 3.1136 2.1749 2.4926 2.3986 2.5317 3.7063 3.0817 3.1069 3.3893 3.1241 2.6783 2.6631 2.9967 3.1956 2.6412 2.1217 2.8079 2.7650 2.7862 2.9245 1.8256 2.7050 4.6970 3.7427 4.6343 4.2125 4.4751 5.3673 3.1731 5.0046 4.4677 4.8945 3.7921 3.9684 4.2220 3.6890 3.8543 4.0266 4.1336 5.4853 5.6956 3.6699 4.4503 3.5659 5.4748 3.5762 4.3820 4.7023 3.4661 3.5354 4.2717 4.5058 4.8573 5.2477 4.2904 3.7111 4.1790 4.9789 4.3084 4.1196 3.4356 4.1471 4.3554 3.9329 3.7427 4.6153 4.4640 3.9845 3.7059 3.8891 4.0959 3.7098
0.3803 0.6000 0.7459 0.8178 0.4626 0.5104 0.8143 0.4160 1.0483 0.5440 0.3271 0.6009 0.6753 1.1725 0.7399 1.0141 0.5819 0.3826 0.4514 0.4642 0.0000 0.4121 0.9521 0.3803 0.6073 0.5053 0.4179 0.2571 0.3271 0.7061 0.6249 0.2520 0.7114 0.8143 0.5440 0.5819 0.4041 0.5440 1.0410 0.3271 0.5066 1.2856 1.0234 0.5066 0.4747 0.6753 0.4514 0.8178 0.3302 0.4514 3.2021 2.9301 3.3728 2.4569 3.0414 2.8654 3.1235 1.7898 3.0211 2.3348 2.0917 2.6213 2.4454 3.0792 2.0266 2.8698 2.8933 2.4520 2.9772 2.2967 3.2402 2.4134 3.3148 3.0567 2.7159 2.8522 3.2548 3.4642 2.9040 1.9022 2.2234 2.1189 2.2929 3.4927 2.8930 2.9206 3.1555 2.8469 2.4786 2.4232 2.7675 2.9823 2.3953 1.8174 2.5867 2.5569 2.5767 2.6936 1.5442 2.4878 4.5210 3.5470 4.4127 4.0056 4.2784 5.1327 2.9694 4.7683 4.2348 4.6904 3.5953 3.7542 4.0112 3.4905 3.6897 3.8468 3.9227 5.2564 5.4575 3.4222 4.2478 3.3861 5.2319 3.3601 4.1804 4.4721 3.2590 3.3403 4.0695 4.2646 4.6153 5.0046 4.0923 3.4883 3.9558 4.7427 4.1349 3.9148 3.2449 3.9346 4.1638 3.7317 3.5470 4.4157 4.2793 3.7890 3.4845 3.6865 3.9241 3.5193
0.2571 0.7114 0.5896 0.7041 0.2224 0.3503 0.5360 0.3302 0.9524 0.6308 0.3271 0.3979 0.7356 0.9817 0.7399 0.8238 0.3503 0.2154 0.6091 0.1260 0.4121 0.0000 0.6374 0.4179 0.5013 0.7067 0.3072 0.2571 0.3332 0.5828 0.6316 0.3780 0.4514 0.5828 0.6308 0.5440 0.4448 0.6308 0.8887 0.3271 0.2621 1.4373 0.7851 0.2621 0.4021 0.7192 0.2154 0.6374 0.2520 0.4198 3.4413 3.1296 3.6007 2.6760 3.2584 3.0608 3.3107 2.0209 3.2525 2.5106 2.3591 2.7965 2.7119 3.2798 2.1986 3.0969 3.0652 2.6747 3.2087 2.5209 3.4004 2.6248 3.5328 3.2713 2.9391 3.0761 3.4919 3.6720 3.0924 2.1373 2.4536 2.3588 2.5029 3.6868 3.0617 3.0893 3.3741 3.0930 2.6577 2.6278 2.9737 3.1792 2.6115 2.0640 2.7822 2.7481 2.7650 2.9053 1.7594 2.6801 4.6750 3.7175 4.6173 4.1965 4.4551 5.3547 3.1391 4.9933 4.4492 4.8750 3.7709 3.9460 4.2015 3.6572 3.8197 4.0011 4.1180 5.4739 5.6798 3.6420 4.4294 3.5371 5.4627 3.5510 4.3649 4.6914 3.4409 3.5140 4.2499 4.4953 4.8432 5.2378 4.2668 3.6949 4.1650 4.9612 4.2850 4.1047 3.4129 4.1268 4.3309 3.9053 3.7175 4.5960 4.4397 3.9568 3.6768 3.8672 4.0724 3.6903
0.5749 0.6746 0.4514 0.6300 0.5040 0.9619 0.4179 0.5819 0.7459 0.6527 0.8609 0.6145 0.6611 0.6257 1.2164 1.2549 0.8311 0.5759 1.1895 0.6374 0.9521 0.6374 0.0000 0.8052 0.9065 0.7916 0.6664 0.6993 0.6604 0.6550 0.7041 0.8676 0.7758 1.0030 0.6527 0.5143 0.9114 0.6527 0.6308 0.6366 0.4531 1.3057 0.4626 0.7014 0.9546 0.6611 0.7041 0.5040 0.7769 0.5372 4.0467 3.7077 4.1947 3.1500 3.8310 3.5843 3.8784 2.4348 3.8334 3.0023 2.7278 3.3435 3.2075 3.8281 2.7257 3.6943 3.5905 3.1997 3.7304 3.0165 3.9414 3.1820 4.0768 3.8154 3.5154 3.6655 4.0768 4.2516 3.6382 2.6433 2.9294 2.8295 3.0310 4.2197 3.5778 3.6436 3.9629 3.6278 3.1859 3.1207 3.4769 3.7319 3.1322 2.4629 3.2967 3.2809 3.2950 3.4679 2.1676 3.2064 5.2184 4.2412 5.1968 4.7428 5.0089 5.9410 3.6243 5.5720 5.0037 5.4558 4.3388 4.4976 4.7746 4.1697 4.3411 4.5575 4.6768 6.0641 6.2610 4.1541 5.0042 4.0547 6.0489 4.1027 4.9320 5.2745 3.9911 4.0617 4.7992 5.0804 5.4292 5.8406 4.8157 4.2459 4.6942 5.5604 4.8332 4.6597 3.9564 4.7077 4.8961 4.4893 4.2412 5.1629 5.0037 4.5278 4.2201 4.4310 4.6190 4.2252
0.3958 0.4465 0.5383 0.5518 0.4344 0.6249 0.5440 0.3332 0.7725 0.4448 0.5013 0.3826 0.5254 0.9356 0.9428 1.1588 0.6753 0.3503 0.7041 0.5205 0.3803 0.4179 0.8052 0.0000 0.3979 0.3826 0.1587 0.3530 0.3826 0.4531 0.3979 0.3332 0.8363 0.9462 0.4448 0.5360 0.5463 0.4448 0.7725 0.3302 0.4327 1.0880 0.7577 0.2224 0.5117 0.4465 0.5348 0.5646 0.4747 0.3803 3.2582 2.9299 3.4087 2.3953 3.0459 2.8358 3.1093 1.7052 3.0488 2.2633 2.0128 2.5795 2.4302 3.0650 1.9626 2.9050 2.8481 2.4389 2.9478 2.2572 3.1913 2.3988 3.3022 3.0534 2.7301 2.8770 3.2884 3.4702 2.8742 1.8678 2.1737 2.0737 2.2604 3.4644 2.8441 2.8850 3.1782 2.8407 2.4378 2.3666 2.7339 2.9680 2.3631 1.7349 2.5447 2.5309 2.5415 2.6908 1.4301 2.4484 4.4687 3.4927 4.4176 3.9855 4.2470 5.1601 2.8925 4.7950 4.2307 4.6795 3.5680 3.7280 3.9981 3.4211 3.5994 3.7957 3.9114 5.2850 5.4777 3.3911 4.2296 3.3139 5.2666 3.3295 4.1639 4.4974 3.2219 3.3017 4.0359 4.3006 4.6450 5.0564 4.0525 3.4804 3.9449 4.7713 4.0798 3.8990 3.1992 3.9276 4.1268 3.7078 3.4927 4.3940 4.2376 3.7523 3.4460 3.6598 3.8668 3.4771
0.5348 0.5749 0.6082 0.4626 0.5205 0.7094 0.5117 0.4160 0.6797 0.4531 0.6746 0.3000 0.5749 0.8887 1.1595 1.2167 0.8267 0.5360 0.9291 0.5383 0.6073 0.5013 0.9065 0.3979 0.0000 0.4626 0.3503 0.5053 0.5739 0.3302 0.3780 0.6604 0.7786 0.9933 0.4531 0.7107 0.8243 0.4531 0.7007 0.4498 0.6091 1.1635 0.6604 0.4642 0.4626 0.5749 0.4905 0.5205 0.6000 0.5117 3.2502 2.8796 3.3762 2.3062 3.0003 2.7077 3.0392 1.6207 2.9989 2.1641 1.9452 2.5071 2.3651 2.9626 1.9020 2.8940 2.7301 2.3210 2.8943 2.1523 3.1011 2.3516 3.2173 2.9382 2.6859 2.8541 3.2502 3.4225 2.7861 1.8017 2.0748 1.9736 2.1788 3.3496 2.7168 2.8041 3.1426 2.7876 2.3242 2.2679 2.5953 2.8713 2.2749 1.6625 2.4302 2.4078 2.4302 2.6219 1.4121 2.3467 4.3876 3.3919 4.3636 3.8764 4.1659 5.1006 2.7884 4.7181 4.1409 4.6429 3.5175 3.6507 3.9489 3.3347 3.5472 3.7484 3.8197 5.2299 5.4193 3.2848 4.1870 3.2256 5.2052 3.2653 4.0934 4.4285 3.1563 3.2191 3.9541 4.2349 4.5914 5.0240 3.9783 3.3783 3.8050 4.7593 4.0140 3.8001 3.1168 3.8935 4.0854 3.7161 3.3919 4.3315 4.1964 3.7354 3.3856 3.6023 3.8002 3.3696
0.5117 0.2080 0.3958 0.4041 0.6073 0.9291 0.5155 0.4021 0.6082 0.1587 0.7417 0.4160 0.2571 0.7769 1.1637 1.4575 0.9390 0.5130 0.9499 0.8016 0.5053 0.7067 0.7916 0.3826 0.4626 0.0000 0.4160 0.5117 0.4309 0.3271 0.2080 0.5155 1.1027 1.2300 0.1587 0.4160 0.6519 0.1587 0.6240 0.4041 0.5348 0.7916 0.6308 0.5739 0.8183 0.2571 0.8005 0.4309 0.7186 0.3271 3.4064 3.0842 3.5567 2.4999 3.1939 2.9652 3.2635 1.7802 3.1889 2.4061 2.0305 2.7369 2.5118 3.2027 2.1215 3.0579 2.9926 2.5548 3.0662 2.3655 3.3502 2.5455 3.4329 3.1791 2.8748 3.0285 3.4295 3.6239 3.0216 1.9813 2.2714 2.1626 2.3932 3.5997 2.9870 3.0437 3.3293 2.9558 2.5799 2.4882 2.8497 3.1093 2.4879 1.7934 2.6754 2.6646 2.6801 2.8332 1.5325 2.5867 4.6350 3.6425 4.5729 4.1270 4.4048 5.3066 3.0326 4.9336 4.3660 4.8510 3.7347 3.8784 4.1604 3.5727 3.7808 3.9720 4.0573 5.4384 5.6240 3.5038 4.3977 3.4758 5.4081 3.4831 4.3218 4.6406 3.3796 3.4584 4.1910 4.4392 4.7895 5.2088 4.2125 3.6159 4.0640 4.9334 4.2526 4.0445 3.3580 4.0934 4.3010 3.8929 3.6425 4.5566 4.4145 3.9328 3.5970 3.8227 4.0397 3.6267
0.2621 0.4327 0.4121 0.4642 0.2884 0.5749 0.4179 0.2080 0.7094 0.3826 0.4642 0.2520 0.4747 0.8238 0.9283 1.1036 0.6000 0.2224 0.7423 0.4062 0.4179 0.3072 0.6664 0.1587 0.3503 0.4160 0.0000 0.2621 0.2884 0.3503 0.3503 0.4021 0.7237 0.8676 0.3826 0.4309 0.5440 0.3826 0.6804 0.2154 0.3072 1.1406 0.6374 0.2080 0.4514 0.4327 0.4179 0.4448 0.3979 0.2571 3.3854 3.0536 3.5345 2.5203 3.1722 2.9502 3.2306 1.8302 3.1731 2.3822 2.1414 2.7008 2.5595 3.1829 2.0855 3.0327 2.9625 2.5559 3.0785 2.3785 3.3095 2.5251 3.4255 3.1698 2.8554 3.0041 3.4147 3.5954 2.9942 1.9941 2.2968 2.1968 2.3831 3.5816 2.9567 3.0043 3.3038 2.9704 2.5527 2.4883 2.8480 3.0862 2.4858 1.8624 2.6620 2.6445 2.6577 2.8132 1.5628 2.5669 4.5891 3.6115 4.5427 4.1029 4.3684 5.2842 3.0117 4.9167 4.3528 4.8065 3.6927 3.8511 4.1238 3.5429 3.7230 3.9206 4.0311 5.4087 5.6033 3.5132 4.3559 3.4332 5.3906 3.4544 4.2863 4.6196 3.3459 3.4221 4.1577 4.4230 4.7701 5.1819 4.1754 3.5990 4.0584 4.9011 4.2021 4.0173 3.3194 4.0549 4.2532 3.8399 3.6115 4.5177 4.3638 3.8818 3.5728 3.7842 3.9887 3.5937
0.1260 0.5348 0.5429 0.6542 0.2154 0.4448 0.6028 0.2080 0.9000 0.4514 0.2520 0.4041 0.5759 0.9722 0.7166 0.9517 0.4448 0.1442 0.5440 0.3072 0.2571 0.2571 0.6993 0.3530 0.5053 0.5117 0.2621 0.0000 0.1260 0.5348 0.5053 0.2571 0.6009 0.7186 0.4514 0.3958 0.3271 0.4514 0.8640 0.1260 0.2571 1.2765 0.8178 0.4179 0.4642 0.5759 0.3072 0.6249 0.2080 0.2571 3.4300 3.1398 3.5954 2.6548 3.2563 3.0652 3.3277 1.9749 3.2422 2.5232 2.2827 2.8167 2.6612 3.2847 2.2153 3.0918 3.0859 2.6598 3.1878 2.4996 3.4314 2.6221 3.5258 3.2661 2.9328 3.0718 3.4789 3.6779 3.1046 2.1079 2.4246 2.3219 2.4961 3.6944 3.0839 3.1161 3.3738 3.0645 2.6729 2.6199 2.9680 3.1871 2.5997 2.0066 2.7845 2.7560 2.7744 2.9044 1.7219 2.6858 4.7122 3.7396 4.6265 4.2090 4.4786 5.3538 3.1549 4.9888 4.4476 4.8980 3.7963 3.9584 4.2187 3.6799 3.8678 4.0390 4.1295 5.4766 5.6782 3.6287 4.4528 3.5711 5.4559 3.5633 4.3852 4.6913 3.4587 3.5371 4.2699 4.4876 4.8380 5.2316 4.2907 3.6969 4.1622 4.9644 4.3250 4.1191 3.4389 4.1438 4.3622 3.9342 3.7396 4.6193 4.4754 3.9878 3.6870 3.8887 4.1130 3.7138
0.1260 0.4498 0.5117 0.6249 0.2520 0.5518 0.6009 0.2080 0.8604 0.3826 0.3302 0.4160 0.5053 0.9364 0.7606 1.0428 0.5217 0.1442 0.6009 0.4062 0.3271 0.3332 0.6604 0.3826 0.5739 0.4309 0.2884 0.1260 0.0000 0.5205 0.4626 0.2571 0.7014 0.8138 0.3826 0.2884 0.3072 0.3826 0.8325 0.1260 0.2224 1.1878 0.8047 0.4327 0.5828 0.5053 0.4179 0.6073 0.3072 0.2080 3.5171 3.2308 3.6843 2.7264 3.3435 3.1569 3.4203 2.0326 3.3313 2.6059 2.3223 2.9066 2.7292 3.3772 2.3001 3.1791 3.1786 2.7481 3.2622 2.5787 3.5237 2.7077 3.6122 3.3585 3.0211 3.1594 3.5659 3.7674 3.1953 2.1835 2.4976 2.3932 2.5805 3.7856 3.1768 3.2091 3.4632 3.1411 2.7651 2.6991 3.0560 3.2800 2.6826 2.0575 2.8720 2.8497 2.8657 2.9942 1.7710 2.7744 4.8035 3.8287 4.7163 4.3024 4.5700 5.4441 3.2371 5.0804 4.5369 4.9866 3.8862 4.0474 4.3078 3.7643 3.9522 4.1275 4.2224 5.5674 5.7667 3.7107 4.5418 3.6590 5.5456 3.6504 4.4771 4.7833 3.5467 3.6283 4.3602 4.5787 4.9269 5.3201 4.3801 3.7890 4.2554 5.0498 4.4152 4.2129 3.5297 4.2321 4.4503 4.0177 3.8287 4.7100 4.5637 4.0731 3.7711 3.9783 4.2033 3.8065
0.4626 0.2884 0.3000 0.1442 0.4626 0.8858 0.2621 0.3302 0.3958 0.2224 0.7769 0.2080 0.2621 0.5828 1.2401 1.3988 0.8967 0.4642 1.0679 0.6558 0.7061 0.5828 0.6550 0.4531 0.3302 0.3271 0.3503 0.5348 0.5205 0.0000 0.1260 0.7114 0.9495 1.1498 0.2224 0.4498 0.8272 0.2224 0.3958 0.4179 0.4344 0.9146 0.3780 0.4905 0.6804 0.2621 0.6542 0.2080 0.6993 0.3302 3.5219 3.1581 3.6539 2.5405 3.2740 2.9920 3.3211 1.8116 3.2778 2.4184 2.0897 2.7810 2.5979 3.2488 2.1607 3.1642 3.0119 2.6008 3.1401 2.4083 3.3793 2.6189 3.4918 3.2268 2.9607 3.1260 3.5256 3.7008 3.0656 2.0478 2.3147 2.2102 2.4454 3.6328 2.9977 3.0842 3.4196 3.0405 2.6058 2.5204 2.8716 3.1575 2.5392 1.8352 2.7036 2.6955 2.7114 2.9011 1.5714 2.6217 4.6639 3.6654 4.6447 4.1644 4.4467 5.3862 3.0407 5.0070 4.4230 4.9184 3.7923 3.9280 4.2255 3.5954 3.8011 4.0172 4.1066 5.5164 5.7017 3.5489 4.4619 3.4915 5.4909 3.5371 4.3757 4.7163 3.4286 3.4975 4.2328 4.5220 4.8740 5.3063 4.2539 3.6651 4.0954 5.0317 4.2863 4.0882 3.3932 4.1675 4.3559 3.9745 3.6654 4.6109 4.4662 3.9984 3.6507 3.8782 4.0719 3.6520
0.4626 0.2154 0.3072 0.2080 0.5205 0.9033 0.3530 0.3302 0.4309 0.1442 0.7565 0.3000 0.2154 0.6316 1.2149 1.4318 0.9138 0.4642 1.0241 0.7192 0.6249 0.6316 0.7041 0.3979 0.3780 0.2080 0.3503 0.5053 0.4626 0.1260 0.0000 0.6316 1.0215 1.1893 0.1442 0.4179 0.7571 0.1442 0.4514 0.3803 0.4642 0.8277 0.4514 0.5143 0.7399 0.2154 0.7179 0.2571 0.6993 0.2884 3.4807 3.1306 3.6189 2.5204 3.2440 2.9805 3.2994 1.7935 3.2450 2.4115 2.0575 2.7635 2.5608 3.2308 2.1437 3.1257 3.0037 2.5814 3.1093 2.3884 3.3677 2.5902 3.4684 3.2080 2.9286 3.0903 3.4904 3.6727 3.0482 2.0186 2.2934 2.1869 2.4233 3.6193 2.9927 3.0684 3.3868 3.0063 2.5947 2.5047 2.8611 3.1389 2.5172 1.8116 2.6908 2.6827 2.6982 2.8751 1.5489 2.6067 4.6529 3.6556 4.6188 4.1501 4.4311 5.3579 3.0359 4.9806 4.4013 4.8943 3.7709 3.9089 4.2017 3.5851 3.7926 4.0002 4.0882 5.4890 5.6738 3.5292 4.4386 3.4845 5.4614 3.5162 4.3559 4.6891 3.4095 3.4824 4.2168 4.4923 4.8437 5.2723 4.2381 3.6462 4.0827 4.9970 4.2736 4.0718 3.3794 4.1407 4.3358 3.9450 3.6556 4.5911 4.4472 3.9744 3.6294 3.8575 4.0596 3.6419
0.3332 0.5828 0.7160 0.8178 0.4327 0.5104 0.8010 0.4160 1.0428 0.5636 0.3271 0.6082 0.6753 1.1411 0.6804 1.0089 0.5104 0.3107 0.4642 0.4514 0.2520 0.3780 0.8676 0.3332 0.6604 0.5155 0.4021 0.2571 0.2571 0.7114 0.6316 0.0000 0.7230 0.8052 0.5636 0.4747 0.2621 0.5636 1.0260 0.3271 0.4198 1.2742 1.0079 0.4198 0.5372 0.6558 0.4642 0.8088 0.3302 0.4198 3.3582 3.0842 3.5313 2.6054 3.1968 3.0356 3.2781 1.9286 3.1871 2.4758 2.2256 2.7678 2.6103 3.2471 2.1632 3.0225 3.0511 2.6304 3.1268 2.4609 3.3858 2.5669 3.4786 3.2345 2.8767 3.0067 3.4170 3.6173 3.0607 2.0610 2.3817 2.2808 2.4520 3.6579 3.0508 3.0703 3.3118 3.0066 2.6389 2.5755 2.9401 3.1481 2.5567 1.9525 2.7485 2.7273 2.7397 2.8569 1.6478 2.6471 4.6588 3.6948 4.5641 4.1701 4.4265 5.2929 3.1090 4.9368 4.3999 4.8265 3.7347 3.9059 4.1548 3.6273 3.8015 3.9736 4.0844 5.4138 5.6147 3.5869 4.3852 3.5203 5.3957 3.5067 4.3303 4.6371 3.4030 3.4885 4.2181 4.4333 4.7758 5.1606 4.2352 3.6576 4.1365 4.8830 4.2663 4.0771 3.3901 4.0743 4.2935 3.8466 3.6948 4.5596 4.4062 3.9099 3.6269 3.8291 4.0553 3.6739
0.6028 1.1079 0.9521 1.0677 0.5130 0.3708 0.8282 0.7061 1.3088 1.0089 0.4179 0.7423 1.1176 1.2854 0.6257 0.5636 0.3708 0.6091 0.5518 0.3302 0.7114 0.4514 0.7758 0.8363 0.7786 1.1027 0.7237 0.6009 0.7014 0.9495 1.0215 0.7230 0.0000 0.3107 1.0089 0.9146 0.6316 1.0089 1.2280 0.7014 0.6214 1.8362 1.0772 0.7047 0.4919 1.1198 0.3107 0.9820 0.4041 0.8052 3.4629 3.1814 3.6333 2.8526 3.3301 3.1431 3.3616 2.2572 3.3017 2.6574 2.6206 2.8885 2.8734 3.3448 2.3381 3.1401 3.1461 2.7705 3.3502 2.6677 3.4739 2.7270 3.6209 3.3330 3.0050 3.1299 3.5417 3.7248 3.1743 2.3039 2.6259 2.5364 2.6263 3.7631 3.1442 3.1491 3.4167 3.2166 2.7457 2.7796 3.0766 3.2411 2.7389 2.3147 2.8932 2.8219 2.8547 2.9779 2.0386 2.7861 4.7444 3.8133 4.6628 4.2523 4.5192 5.3810 3.2779 5.0198 4.5126 4.9226 3.8359 4.0244 4.2622 3.7787 3.9416 4.0812 4.1686 5.4906 5.7196 3.7560 4.4877 3.6449 5.4880 3.6416 4.4136 4.7142 3.5316 3.5902 4.3240 4.5178 4.8772 5.2441 4.3464 3.7546 4.2213 4.9992 4.3579 4.1532 3.4950 4.1838 4.4048 3.9836 3.8133 4.6517 4.5111 4.0414 3.7829 3.9374 4.1468 3.7620
0.7411 1.2481 1.1480 1.2726 0.6986 0.3979 1.0749 0.8609 1.5223 1.1570 0.5027 0.9521 1.2749 1.5160 0.3503 0.2924 0.3332 0.7417 0.4642 0.5066 0.8143 0.5828 1.0030 0.9462 0.9933 1.2300 0.8676 0.7186 0.8138 1.1498 1.1893 0.8052 0.3107 0.0000 1.1570 1.0425 0.7007 1.1570 1.4518 0.8325 0.7775 1.9883 1.3261 0.8143 0.6391 1.2749 0.5143 1.2002 0.5117 0.9488 3.4771 3.2306 3.6630 2.9536 3.3828 3.2356 3.4177 2.3763 3.3509 2.7482 2.7389 2.9603 2.9706 3.4222 2.4203 3.1677 3.2306 2.8683 3.4294 2.7706 3.5427 2.7964 3.6962 3.4170 3.0598 3.1677 3.5823 3.7678 3.2494 2.4031 2.7317 2.6453 2.7156 3.8462 3.2306 3.2131 3.4536 3.2928 2.8332 2.8773 3.1780 3.3153 2.8314 2.4303 2.9873 2.9118 2.9429 3.0460 2.1401 2.8751 4.8022 3.8923 4.6998 4.3248 4.5775 5.4113 3.3707 5.0629 4.5776 4.9477 3.8816 4.0884 4.3036 3.8577 4.0015 4.1273 4.2311 5.5133 5.7527 3.8480 4.5227 3.7194 5.5190 3.7050 4.4618 4.7526 3.5956 3.6572 4.3868 4.5560 4.9096 5.2502 4.4065 3.8283 4.3112 5.0061 4.4099 4.2186 3.5635 4.2159 4.4445 3.9998 3.8923 4.6964 4.5489 4.0734 3.8484 3.9881 4.2005 3.8381
0.4198 0.1442 0.2621 0.3037 0.5040 0.8759 0.3979 0.3072 0.5130 0.0000 0.6993 0.3107 0.1442 0.6550 1.1411 1.3986 0.8759 0.4327 0.9550 0.7107 0.5440 0.6308 0.6527 0.4448 0.4531 0.1587 0.3826 0.4514 0.3826 0.2224 0.1442 0.5636 1.0089 1.1570 0.0000 0.3107 0.6611 0.0000 0.5130 0.3302 0.4327 0.8397 0.5130 0.5759 0.7617 0.2224 0.7067 0.3107 0.6550 0.2224 3.5364 3.2114 3.6852 2.6247 3.3219 3.0817 3.3882 1.9041 3.3153 2.5257 2.1588 2.8614 2.6407 3.3232 2.2467 3.1886 3.1103 2.6730 3.1968 2.4870 3.4719 2.6734 3.5571 3.2975 3.0023 3.1582 3.5574 3.7516 3.1442 2.1079 2.3943 2.2854 2.5171 3.7187 3.1027 3.1659 3.4578 3.0854 2.6984 2.6103 2.9648 3.2306 2.6115 1.9196 2.7943 2.7818 2.7991 2.9581 1.6630 2.7073 4.7578 3.7629 4.7002 4.2467 4.5285 5.4326 3.1519 5.0572 4.4892 4.9793 3.8622 4.0030 4.2883 3.6953 3.9057 4.0995 4.1795 5.5631 5.7508 3.6261 4.5264 3.5968 5.5336 3.6095 4.4467 4.7652 3.5054 3.5816 4.3147 4.5637 4.9162 5.3351 4.3371 3.7366 4.1788 5.0650 4.3771 4.1657 3.4810 4.2231 4.4297 4.0270 3.7629 4.6829 4.5428 4.0643 3.7245 3.9496 4.1638 3.7461
0.3302 0.2571 0.3037 0.4514 0.4160 0.8143 0.4327 0.3271 0.6308 0.3107 0.6000 0.4309 0.2924 0.7067 1.0079 1.2818 0.7465 0.3332 0.8815 0.6257 0.5819 0.5440 0.5143 0.5360 0.7107 0.4160 0.4309 0.3958 0.2884 0.4498 0.4179 0.4747 0.9146 1.0425 0.3107 0.0000 0.5348 0.3107 0.6082 0.3302 0.3072 0.9495 0.6009 0.5372 0.8282 0.2924 0.6550 0.4160 0.5636 0.2080 3.7469 3.4448 3.9086 2.8900 3.5553 3.3524 3.6296 2.1748 3.5505 2.7825 2.4333 3.1050 2.9030 3.5820 2.4878 3.4031 3.3725 2.9448 3.4443 2.7577 3.7201 2.9114 3.8119 3.5640 3.2362 3.3796 3.7863 3.9826 3.3959 2.3656 2.6657 2.5598 2.7729 3.9830 3.3680 3.4111 3.6837 3.3330 2.9604 2.8745 3.2431 3.4862 2.8716 2.1899 3.0607 3.0492 3.0617 3.2035 1.9042 2.9673 4.9994 4.0180 4.9318 4.5062 4.7727 5.6661 3.4101 5.3008 4.7428 5.1990 4.0922 4.2488 4.5177 3.9449 4.1319 4.3254 4.4308 5.7917 5.9847 3.8945 4.7511 3.8432 5.7685 3.8501 4.6860 5.0045 3.7455 3.8279 4.5605 4.8021 5.1482 5.5510 4.5787 3.9953 4.4557 5.2729 4.6110 4.4200 3.7268 4.4447 4.6531 4.2254 4.0180 4.9175 4.7652 4.2760 3.9648 4.1834 4.3983 4.0032
0.4021 0.6993 0.8138 0.9287 0.5027 0.5155 0.9012 0.5117 1.1568 0.6611 0.2571 0.7186 0.7775 1.2302 0.5348 0.9098 0.4179 0.4041 0.4642 0.4642 0.4041 0.4448 0.9114 0.5463 0.8243 0.6519 0.5440 0.3271 0.3072 0.8272 0.7571 0.2621 0.6316 0.7007 0.6611 0.5348 0.0000 0.6611 1.1334 0.4179 0.5013 1.3974 1.1074 0.6000 0.6804 0.7775 0.4905 0.9114 0.2884 0.5117 3.5419 3.2934 3.7244 2.8332 3.4050 3.2538 3.4916 2.1587 3.3858 2.7073 2.4474 2.9916 2.8238 3.4612 2.3937 3.2176 3.2739 2.8440 3.3473 2.6827 3.6104 2.7838 3.6930 3.4444 3.0820 3.2067 3.6125 3.8232 3.2806 2.2829 2.6054 2.5022 2.6738 3.8765 3.2739 3.2908 3.5113 3.2192 2.8606 2.8026 3.1588 3.3622 2.7780 2.1803 2.9713 2.9442 2.9604 3.0684 1.8858 2.8698 4.8841 3.9219 4.7683 4.3853 4.6455 5.4862 3.3430 5.1318 4.6096 5.0354 3.9522 4.1243 4.3668 3.8596 4.0390 4.1987 4.2964 5.6056 5.8113 3.8069 4.5981 3.7523 5.5858 3.7271 4.5433 4.8326 3.6256 3.7107 4.4385 4.6246 4.9692 5.3407 4.4577 3.8692 4.3477 5.0739 4.4925 4.2904 3.6145 4.2834 4.5135 4.0604 3.9219 4.7742 4.6274 4.1298 3.8503 4.0469 4.2822 3.8964
0.4198 0.1442 0.2621 0.3037 0.5040 0.8759 0.3979 0.3072 0.5130 0.0000 0.6993 0.3107 0.1442 0.6550 1.1411 1.3986 0.8759 0.4327 0.9550 0.7107 0.5440 0.6308 0.6527 0.4448 0.4531 0.1587 0.3826 0.4514 0.3826 0.2224 0.1442 0.5636 1.0089 1.1570 0.0000 0.3107 0.6611 0.0000 0.5130 0.3302 0.4327 0.8397 0.5130 0.5759 0.7617 0.2224 0.7067 0.3107 0.6550 0.2224 3.5364 3.2114 3.6852 2.6247 3.3219 3.0817 3.3882 1.9041 3.3153 2.5257 2.1588 2.8614 2.6407 3.3232 2.2467 3.1886 3.1103 2.6730 3.1968 2.4870 3.4719 2.6734 3.5571 3.2975 3.0023 3.1582 3.5574 3.7516 3.1442 2.1079 2.3943 2.2854 2.5171 3.7187 3.1027 3.1659 3.4578 3.0854 2.6984 2.6103 2.9648 3.2306 2.6115 1.9196 2.7943 2.7818 2.7991 2.9581 1.6630 2.7073 4.7578 3.7629 4.7002 4.2467 4.5285 5.4326 3.1519 5.0572 4.4892 4.9793 3.8622 4.0030 4.2883 3.6953 3.9057 4.0995 4.1795 5.5631 5.7508 3.6261 4.5264 3.5968 5.5336 3.6095 4.4467 4.7652 3.5054 3.5816 4.3147 4.5637 4.9162 5.3351 4.3371 3.7366 4.1788 5.0650 4.3771 4.1657 3.4810 4.2231 4.4297 4.0270 3.7629 4.6829 4.5428 4.0643 3.7245 3.9496 4.1638 3.7461
0.7769 0.5013 0.3271 0.2571 0.7565 1.2167 0.4198 0.6604 0.1260 0.5130 1.1055 0.5372 0.4041 0.2154 1.5529 1.7051 1.2021 0.7775 1.4051 0.9524 1.0410 0.8887 0.6308 0.7725 0.7007 0.6240 0.6804 0.8640 0.8325 0.3958 0.4514 1.0260 1.2280 1.4518 0.5130 0.6082 1.1334 0.5130 0.0000 0.7459 0.6993 0.7014 0.2000 0.7560 1.0257 0.4041 0.9590 0.2571 1.0260 0.6249 3.8845 3.5027 4.0100 2.8309 3.6191 3.3112 3.6577 2.0687 3.6321 2.7073 2.3131 3.1059 2.9163 3.5816 2.4786 3.5220 3.3230 2.9332 3.4569 2.7215 3.6927 2.9600 3.8221 3.5628 3.3120 3.4806 3.8805 4.0452 3.3930 2.3764 2.6159 2.5137 2.7740 3.9523 3.3009 3.4106 3.7720 3.3715 2.9244 2.8219 3.1809 3.4919 2.8640 2.0855 3.0175 3.0215 3.0336 3.2448 1.8282 2.9429 4.9715 3.9697 4.9850 4.4891 4.7679 5.7338 3.3139 5.3541 4.7550 5.2527 4.1208 4.2532 4.5592 3.8887 4.0871 4.3315 4.4386 5.8666 6.0448 3.8588 4.7926 3.7850 5.8406 3.8628 4.7062 5.0642 3.7518 3.8182 4.5529 4.8745 5.2234 5.6657 4.5711 3.9987 4.4176 5.3808 4.5959 4.4172 3.7101 4.5046 4.6773 4.3045 3.9697 4.9383 4.7848 4.3222 3.9696 4.2061 4.3809 3.9652
0.1260 0.4179 0.4309 0.5337 0.2154 0.5518 0.5027 0.1000 0.7769 0.3302 0.3780 0.3037 0.4531 0.8622 0.8368 1.0697 0.5518 0.1442 0.6611 0.4021 0.3271 0.3271 0.6366 0.3302 0.4498 0.4041 0.2154 0.1260 0.1260 0.4179 0.3803 0.3271 0.7014 0.8325 0.3302 0.3302 0.4179 0.3302 0.7459 0.0000 0.2224 1.1588 0.7107 0.4062 0.5143 0.4531 0.4021 0.5117 0.3271 0.1442 3.4584 3.1549 3.6180 2.6377 3.2694 3.0639 3.3394 1.9445 3.2592 2.5144 2.2412 2.8213 2.6493 3.2903 2.2133 3.1155 3.0859 2.6578 3.1832 2.4883 3.4356 2.6291 3.5292 3.2706 2.9474 3.0918 3.4978 3.6941 3.1090 2.0984 2.4078 2.3036 2.4939 3.6956 3.0825 3.1235 3.3938 3.0645 2.6729 2.6085 2.9612 3.1940 2.5953 1.9726 2.7799 2.7573 2.7744 2.9138 1.6907 2.6842 4.7180 3.7386 4.6432 4.2147 4.4866 5.3740 3.1452 5.0061 4.4552 4.9155 3.8085 3.9648 4.2328 3.6755 3.8678 4.0481 4.1390 5.4986 5.6961 3.6223 4.4679 3.5694 5.4763 3.5693 4.3976 4.7100 3.4644 3.5427 4.2762 4.5074 4.8578 5.2596 4.2969 3.7035 4.1633 4.9898 4.3320 4.1276 3.4433 4.1609 4.3742 3.9531 3.7386 4.6318 4.4872 4.0015 3.6900 3.8994 4.1195 3.7164
0.1442 0.5040 0.3803 0.5155 0.1442 0.5779 0.4041 0.2154 0.7571 0.4327 0.4327 0.3332 0.5217 0.7851 0.8613 1.0263 0.5053 0.1260 0.7571 0.3302 0.5066 0.2621 0.4531 0.4327 0.6091 0.5348 0.3072 0.2571 0.2224 0.4344 0.4642 0.4198 0.6214 0.7775 0.4327 0.3072 0.5013 0.4327 0.6993 0.2224 0.0000 1.2283 0.6249 0.3780 0.6257 0.5117 0.3826 0.4531 0.3530 0.2154 3.6509 3.3402 3.8100 2.8246 3.4589 3.2540 3.5225 2.1308 3.4552 2.6882 2.4310 2.9989 2.8530 3.4810 2.3869 3.3050 3.2660 2.8570 3.3743 2.6826 3.6090 2.8171 3.7225 3.4679 3.1400 3.2817 3.6934 3.8805 3.2931 2.2934 2.6008 2.4999 2.6837 3.8838 3.2612 3.3009 3.5833 3.2622 2.8559 2.7939 3.1540 3.3832 2.7872 2.1595 2.9669 2.9467 2.9605 3.1053 1.8591 2.8699 4.8865 3.9147 4.8282 4.4019 4.6644 5.5657 3.3175 5.2018 4.6480 5.0902 3.9830 4.1476 4.4119 3.8465 4.0205 4.2129 4.3261 5.6881 5.8870 3.8162 4.6427 3.7356 5.6712 3.7501 4.5779 4.9031 3.6423 3.7202 4.4551 4.7041 5.0509 5.4511 4.4723 3.8961 4.3603 5.1726 4.4974 4.3137 3.6184 4.3388 4.5427 4.1173 3.9147 4.8087 4.6532 4.1670 3.8697 4.0763 4.2845 3.8952
1.2485 0.7423 0.9037 0.8052 1.3246 1.6973 1.1006 1.1357 0.6028 0.8397 1.5157 1.1149 0.7237 0.7160 1.9231 2.2238 1.6899 1.2483 1.7288 1.5325 1.2856 1.4373 1.3057 1.0880 1.1635 0.7916 1.1406 1.2765 1.1878 0.9146 0.8277 1.2742 1.8362 1.9883 0.8397 0.9495 1.3974 0.8397 0.7014 1.1588 1.2283 0.0000 0.9008 1.2401 1.5616 0.7186 1.5353 0.9012 1.4835 1.0407 3.8483 3.4783 3.9732 2.7885 3.5776 3.2903 3.6426 2.0334 3.5938 2.6830 2.2336 3.0795 2.8603 3.5555 2.4504 3.4838 3.3071 2.9066 3.4031 2.6882 3.6772 2.9203 3.7850 3.5371 3.2734 3.4405 3.8372 4.0081 3.3645 2.3359 2.5782 2.4754 2.7398 3.9259 3.2887 3.4105 3.7371 3.3209 2.9094 2.7889 3.1597 3.4679 2.8288 2.0383 2.9920 3.0070 3.0123 3.2117 1.7810 2.9164 4.9502 3.9414 4.9473 4.4636 4.7375 5.6964 3.2892 5.3197 4.7200 5.2308 4.0919 4.2175 4.5214 3.8553 4.0505 4.3015 4.4107 5.8526 6.0038 3.8203 4.7583 3.7569 5.8016 3.8242 4.6824 5.0346 3.7154 3.7907 4.5196 4.8395 5.1826 5.6488 4.5363 3.9697 4.3962 5.3333 4.5778 4.3940 3.6832 4.4662 4.6405 4.2581 3.9414 4.9081 4.7545 4.2783 3.9276 4.1712 4.3650 3.9437
0.7186 0.5117 0.3000 0.2571 0.6550 1.1227 0.2621 0.6145 0.3037 0.5130 1.0425 0.4626 0.4198 0.2621 1.4823 1.5796 1.1055 0.7192 1.3532 0.8282 1.0234 0.7851 0.4626 0.7577 0.6604 0.6308 0.6374 0.8178 0.8047 0.3780 0.4514 1.0079 1.0772 1.3261 0.5130 0.6009 1.1074 0.5130 0.2000 0.7107 0.6249 0.9008 0.0000 0.6938 0.9217 0.4198 0.8368 0.2080 0.9517 0.6018 3.8844 3.5024 4.0100 2.8469 3.6205 3.3129 3.6570 2.0915 3.6328 2.7117 2.3576 3.1062 2.9353 3.5823 2.4800 3.5220 3.3232 2.9369 3.4704 2.7313 3.6925 2.9622 3.8271 3.5643 3.3128 3.4808 3.8818 4.0454 3.3938 2.3854 2.6303 2.5292 2.7783 3.9544 3.3011 3.4090 3.7720 3.3828 2.9248 2.8309 3.1859 3.4921 2.8701 2.1147 3.0211 3.0218 3.0346 3.2456 1.8496 2.9451 4.9712 3.9718 4.9851 4.4895 4.7680 5.7339 3.3205 5.3544 4.7582 5.2509 4.1206 4.2550 4.5594 3.8935 4.0882 4.3314 4.4387 5.8638 6.0462 3.8697 4.7924 3.7863 5.8412 3.8650 4.7058 5.0641 3.7531 3.8184 4.5538 4.8746 5.2241 5.6626 4.5720 3.9998 4.4202 5.3809 4.5950 4.4172 3.7102 4.5046 4.6773 4.3045 3.9718 4.9382 4.7844 4.3224 3.9742 4.2063 4.3799 3.9653
0.4179 0.5828 0.5254 0.5779 0.4179 0.5155 0.4642 0.4041 0.7958 0.5759 0.5155 0.4179 0.6431 0.8955 0.9146 1.0263 0.5463 0.3302 0.7356 0.3826 0.5066 0.2621 0.7014 0.2224 0.4642 0.5739 0.2080 0.4179 0.4327 0.4905 0.5143 0.4198 0.7047 0.8143 0.5759 0.5372 0.6000 0.5759 0.7560 0.4062 0.3780 1.2401 0.6938 0.0000 0.3979 0.5518 0.4514 0.5463 0.4642 0.4309 3.3717 3.0326 3.5193 2.5209 3.1564 2.9402 3.2074 1.8478 3.1634 2.3633 2.1756 2.6758 2.5756 3.1698 2.0626 3.0162 2.9418 2.5567 3.0738 2.3816 3.2789 2.5115 3.4160 3.1642 2.8433 2.9883 3.4043 3.5745 2.9751 1.9996 2.3039 2.2091 2.3756 3.5671 2.9359 2.9772 3.2865 2.9708 2.5360 2.4821 2.8448 3.0712 2.4815 1.8857 2.6518 2.6333 2.6437 2.8008 1.5700 2.5537 4.5508 3.5855 4.5187 4.0845 4.3389 5.2666 2.9896 4.9040 4.3397 4.7715 3.6598 3.8283 4.0946 3.5140 3.6732 3.8784 4.0114 5.3885 5.5849 3.5096 4.3218 3.3982 5.3765 3.4306 4.2583 4.6040 3.3192 3.3947 4.1303 4.4116 4.7547 5.1646 4.1444 3.5868 4.0529 4.8748 4.1607 3.9970 3.2903 4.0242 4.2136 3.7963 3.5855 4.4860 4.3214 3.8396 3.5489 3.7539 3.9475 3.5689
0.5429 0.8676 0.7958 0.8143 0.5217 0.3302 0.6804 0.5155 1.0641 0.7617 0.4642 0.5013 0.8841 1.1605 0.8887 0.7916 0.6249 0.5348 0.6082 0.4021 0.4747 0.4021 0.9546 0.5117 0.4626 0.8183 0.4514 0.4642 0.5828 0.6804 0.7399 0.5372 0.4919 0.6391 0.7617 0.8282 0.6804 0.7617 1.0257 0.5143 0.6257 1.5616 0.9217 0.3979 0.0000 0.8729 0.3271 0.7797 0.4327 0.6374 3.1082 2.7729 3.2556 2.3769 2.9146 2.6926 2.9447 1.7876 2.9050 2.1780 2.1648 2.4397 2.4273 2.9115 1.8659 2.7617 2.6936 2.3231 2.8978 2.2012 3.0316 2.2888 3.1832 2.9030 2.5952 2.7374 3.1515 3.3200 2.7308 1.8426 2.1552 2.0689 2.1677 3.3188 2.6891 2.7188 3.0265 2.7788 2.2903 2.3053 2.6173 2.8103 2.2795 1.8504 2.4302 2.3756 2.4010 2.5516 1.5701 2.3265 4.3095 3.3566 4.2621 3.8225 4.0898 4.9983 2.8011 4.6308 4.0888 4.5244 3.4149 3.5884 3.8484 3.3111 3.4791 3.6487 3.7481 5.1172 5.3270 3.3003 4.0772 3.1821 5.1078 3.2011 4.0001 4.3293 3.0886 3.1500 3.8878 4.1373 4.4918 4.8934 3.9079 3.3270 3.7886 4.6266 3.9245 3.7311 3.0500 3.7789 3.9810 3.5779 3.3566 4.2356 4.0887 3.6191 3.3350 3.5112 3.7116 3.3182
0.5348 0.1260 0.2224 0.2224 0.6082 0.9909 0.4160 0.4198 0.4041 0.2224 0.8247 0.4179 0.2000 0.5429 1.2618 1.5147 0.9820 0.5337 1.0824 0.8143 0.6753 0.7192 0.6611 0.4465 0.5749 0.2571 0.4327 0.5759 0.5053 0.2621 0.2154 0.6558 1.1198 1.2749 0.2224 0.2924 0.7775 0.2224 0.4041 0.4531 0.5117 0.7186 0.4198 0.5518 0.8729 0.0000 0.8183 0.2571 0.7775 0.3302 3.6323 3.2904 3.7766 2.6806 3.4033 3.1591 3.4632 1.9504 3.4085 2.5736 2.1975 2.9244 2.7216 3.4047 2.2996 3.2770 3.1758 2.7612 3.2640 2.5598 3.5308 2.7493 3.6368 3.3875 3.0894 3.2448 3.6504 3.8318 3.2155 2.1826 2.4604 2.3555 2.5903 3.7938 3.1660 3.2326 3.5443 3.1654 2.7674 2.6705 3.0415 3.3110 2.6856 1.9620 2.8640 2.8607 2.8717 3.0414 1.6822 2.7772 4.8115 3.8208 4.7787 4.3239 4.5940 5.5221 3.1965 5.1507 4.5716 5.0464 3.9254 4.0724 4.3577 3.7426 3.9348 4.1490 4.2582 5.6529 5.8366 3.6993 4.5912 3.6420 5.6272 3.6755 4.5180 4.8565 3.5682 3.6455 4.3799 4.6602 5.0067 5.4313 4.3977 3.8205 4.2668 5.1452 4.4274 4.2431 3.5412 4.2925 4.4849 4.0800 3.8208 4.7494 4.5953 4.1160 3.7856 4.0145 4.2136 3.8112
0.3271 0.8082 0.6746 0.7769 0.2571 0.3332 0.5828 0.4041 1.0260 0.7067 0.3072 0.4498 0.8183 1.0477 0.7459 0.7612 0.3979 0.3302 0.6018 0.1260 0.4514 0.2154 0.7041 0.5348 0.4905 0.8005 0.4179 0.3072 0.4179 0.6542 0.7179 0.4642 0.3107 0.5143 0.7067 0.6550 0.4905 0.7067 0.9590 0.4021 0.3826 1.5353 0.8368 0.4514 0.3271 0.8183 0.0000 0.7041 0.2154 0.5117 3.3794 3.0723 3.5386 2.6493 3.2056 2.9976 3.2519 2.0146 3.1891 2.4786 2.3636 2.7500 2.6759 3.2155 2.1676 3.0409 3.0082 2.6115 3.1752 2.4781 3.3499 2.5791 3.4777 3.2007 2.8821 3.0209 3.4316 3.6162 3.0382 2.1041 2.4207 2.3258 2.4575 3.6261 3.0046 3.0339 3.3149 3.0505 2.6008 2.5921 2.9140 3.1155 2.5660 2.0646 2.7307 2.6826 2.7077 2.8469 1.7832 2.6291 4.6292 3.6708 4.5609 4.1321 4.4028 5.2895 3.1062 4.9228 4.3878 4.8283 3.7245 3.8951 4.1525 3.6228 3.7999 3.9648 4.0549 5.4087 5.6193 3.5915 4.3835 3.5005 5.3954 3.5059 4.3089 4.6223 3.3969 3.4634 4.1994 4.4243 4.7798 5.1723 4.2209 3.6292 4.0908 4.9114 4.2440 4.0403 3.3651 4.0798 4.2924 3.8778 3.6708 4.5452 4.4022 3.9263 3.6378 3.8200 4.0316 3.6341
0.5337 0.3271 0.1260 0.1260 0.5040 0.9619 0.2080 0.4179 0.3271 0.3107 0.8609 0.2884 0.2571 0.3979 1.3100 1.4531 0.9524 0.5348 1.1635 0.7000 0.8178 0.6374 0.5040 0.5646 0.5205 0.4309 0.4448 0.6249 0.6073 0.2080 0.2571 0.8088 0.9820 1.2002 0.3107 0.4160 0.9114 0.3107 0.2571 0.5117 0.4531 0.9012 0.2080 0.5463 0.7797 0.2571 0.7041 0.0000 0.7769 0.4021 3.7202 3.3567 3.8539 2.7308 3.4729 3.1918 3.5195 1.9925 3.4795 2.6058 2.2614 2.9759 2.7949 3.4501 2.3517 3.3617 3.2074 2.8041 3.3347 2.6060 3.5726 2.8167 3.6921 3.4306 3.1608 3.3243 3.7264 3.8996 3.2635 2.2453 2.5090 2.4055 2.6437 3.8319 3.1915 3.2800 3.6189 3.2388 2.8030 2.7135 3.0704 3.3584 2.7377 2.0136 2.9008 2.8961 2.9100 3.1018 1.7427 2.8193 4.8547 3.8579 4.8434 4.3642 4.6424 5.5878 3.2248 5.2104 4.6243 5.1125 3.9863 4.1250 4.4215 3.7835 3.9810 4.2061 4.3068 5.7173 5.9025 3.7467 4.6560 3.6784 5.6935 3.7327 4.5729 4.9188 3.6231 3.6927 4.4284 4.7253 5.0755 5.5067 4.4477 3.8670 4.2982 5.2279 4.4757 4.2881 3.5870 4.3625 4.5468 4.1617 3.8579 4.8064 4.6560 4.1870 3.8446 4.0731 4.2610 3.8475
0.2571 0.7417 0.7041 0.8238 0.3072 0.2924 0.7192 0.3780 1.0749 0.6550 0.1000 0.5348 0.7775 1.1208 0.5636 0.7459 0.2924 0.2621 0.4198 0.2154 0.3302 0.2520 0.7769 0.4747 0.6000 0.7186 0.3979 0.2080 0.3072 0.6993 0.6993 0.3302 0.4041 0.5117 0.6550 0.5636 0.2884 0.6550 1.0260 0.3271 0.3530 1.4835 0.9517 0.4642 0.4327 0.7775 0.2154 0.7769 0.0000 0.4514 3.4066 3.1296 3.5782 2.7011 3.2537 3.0767 3.3194 2.0492 3.2342 2.5485 2.3783 2.8206 2.7078 3.2872 2.2328 3.0750 3.0922 2.6783 3.2173 2.5359 3.4306 2.6303 3.5365 3.2713 2.9289 3.0602 3.4696 3.6677 3.1090 2.1477 2.4717 2.3731 2.5172 3.7022 3.0913 3.1112 3.3598 3.0886 2.6813 2.6539 2.9899 3.1871 2.6247 2.0889 2.8038 2.7629 2.7845 2.9053 1.8008 2.7008 4.7080 3.7490 4.6139 4.2083 4.4744 5.3370 3.1803 4.9759 4.4492 4.8821 3.7877 3.9604 4.2092 3.6962 3.8744 4.0328 4.1246 5.4562 5.6658 3.6541 4.4407 3.5802 5.4400 3.5674 4.3753 4.6755 3.4619 3.5372 4.2697 4.4723 4.8237 5.2055 4.2905 3.6983 4.1696 4.9429 4.3195 4.1143 3.4403 4.1309 4.3538 3.9198 3.7490 4.6096 4.4658 3.9791 3.6967 3.8832 4.1082 3.7160
0.2080 0.3037 0.3072 0.4179 0.3000 0.6804 0.4041 0.1260 0.6542 0.2224 0.5053 0.2571 0.3302 0.7356 0.9521 1.1895 0.6611 0.2154 0.7916 0.5040 0.4514 0.4198 0.5372 0.3803 0.5117 0.3271 0.2571 0.2571 0.2080 0.3302 0.2884 0.4198 0.8052 0.9488 0.2224 0.2080 0.5117 0.2224 0.6249 0.1442 0.2154 1.0407 0.6018 0.4309 0.6374 0.3302 0.5117 0.4021 0.4514 0.0000 3.5744 3.2627 3.7311 2.7159 3.3756 3.1612 3.4448 2.0084 3.3696 2.6000 2.2875 2.9203 2.7332 3.3929 2.3058 3.2284 3.1824 2.7555 3.2725 2.5754 3.5338 2.7307 3.6287 3.3735 3.0556 3.2027 3.6085 3.8023 3.2092 2.1869 2.4883 2.3830 2.5890 3.7940 3.1774 3.2248 3.5049 3.1591 2.7701 2.6936 3.0534 3.2975 2.6884 2.0305 2.8730 2.8571 2.8720 3.0188 1.7477 2.7799 4.8160 3.8325 4.7515 4.3168 4.5882 5.4856 3.2294 5.1169 4.5582 5.0221 3.9118 4.0654 4.3381 3.7644 3.9566 4.1471 4.2436 5.6113 5.8054 3.7129 4.5729 3.6605 5.5883 3.6688 4.5025 4.8214 3.5635 3.6425 4.3763 4.6199 4.9689 5.3757 4.3961 3.8069 4.2633 5.1018 4.4299 4.2315 3.5417 4.2676 4.4757 4.0571 3.8325 4.7359 4.5882 4.1030 3.7862 4.0022 4.2170 3.8146
3.5450 3.6071 3.7610 3.6423 3.5760 3.1893 3.7109 3.4899 3.8091 3.5364 3.3830 3.4808 3.6541 4.0925 3.6048 3.3529 3.5501 3.5345 3.1327 3.4531 3.2021 3.4413 4.0467 3.2582 3.2502 3.4064 3.3854 3.4300 3.5171 3.5219 3.4807 3.3582 3.4629 3.4771 3.5364 3.7469 3.5419 3.5364 3.8845 3.4584 3.6509 3.8483 3.8844 3.3717 3.1082 3.6323 3.3794 3.7202 3.4066 3.5744 0.0000 0.6082 0.2224 1.6446 0.5759 1.3142 0.7061 2.3258 0.4531 1.8633 2.2585 1.1357 1.3402 0.9110 1.6009 0.3803 1.4029 1.2873 1.1500 1.5363 1.1176 1.0437 0.8858 0.9287 0.6753 0.4626 0.4179 0.4465 1.0119 1.6141 1.6683 1.7044 1.3338 1.0618 1.6022 1.0079 0.3072 1.0323 1.4373 1.5956 1.5363 0.9037 1.3190 2.2596 1.4414 1.3272 1.3295 0.8453 2.2984 1.3532 1.5703 1.2687 1.2765 1.0516 1.2549 1.9510 2.1282 1.6152 1.2085 1.6066 0.7399 0.8802 0.9550 1.4066 1.4188 1.0510 0.8917 2.0855 2.2854 1.2658 1.2005 1.4474 2.0506 0.8143 1.1109 1.3140 0.8622 0.9318 1.1058 1.1066 1.4418 1.8246 1.1500 0.7786 1.1874 1.5638 1.2765 0.9256 1.0238 0.8828 1.2067 0.9264 1.2687 1.3508 1.3312 0.9615 0.9428 0.7797 1.1677 1.1363
3.2463 3.2826 3.4165 3.2720 3.2647 2.9094 3.3430 3.1731 3.4204 3.2114 3.1183 3.1309 3.3213 3.7161 3.3872 3.1210 3.2848 3.2314 2.8940 3.1461 2.9301 3.1296 3.7077 2.9299 2.8796 3.0842 3.0536 3.1398 3.2308 3.1581 3.1306 3.0842 3.1814 3.2306 3.2114 3.4448 3.2934 3.2114 3.5027 3.1549 3.3402 3.4783 3.5024 3.0326 2.7729 3.2904 3.0723 3.3567 3.1296 3.2627 0.6082 0.0000 0.5749 1.1674 0.4041 0.7459 0.2224 1.7905 0.3530 1.2745 1.7755 0.5429 1.0953 0.3979 1.0846 0.3107 0.8041 0.8093 1.0027 1.0431 0.5636 0.6073 0.7417 0.5013 0.3503 0.2621 0.5383 0.5518 0.4498 1.1897 1.1812 1.2338 0.8359 0.7405 1.0027 0.4179 0.3302 0.9041 0.8397 1.0641 0.9909 0.3332 0.8359 1.7464 0.8759 0.7399 0.7399 0.3708 1.8150 0.7824 1.6358 0.8532 1.4905 1.1149 1.3660 2.2382 1.5503 1.8772 1.3740 1.7834 0.6993 0.8883 1.0880 0.9782 1.0700 1.0079 1.0119 2.3754 2.5586 1.0594 1.3323 0.9146 2.3534 0.6009 1.2540 1.5759 0.5013 0.5013 1.1723 1.3956 1.7351 2.1950 1.2023 0.6550 1.1635 1.8957 1.2742 1.0092 0.5013 1.0231 1.2781 0.9488 0.8532 1.4918 1.4020 0.9619 0.8108 0.7813 1.0792 0.7218
3.7077 3.7580 3.9040 3.7720 3.7339 3.3616 3.8439 3.6440 3.9301 3.6852 3.5593 3.6196 3.8002 4.2208 3.8009 3.5453 3.7295 3.6962 3.3192 3.6141 3.3728 3.6007 4.1947 3.4087 3.3762 3.5567 3.5345 3.5954 3.6843 3.6539 3.6189 3.5313 3.6333 3.6630 3.6852 3.9086 3.7244 3.6852 4.0100 3.6180 3.8100 3.9732 4.0100 3.5193 3.2556 3.7766 3.5386 3.8539 3.5782 3.7311 0.2224 0.5749 0.0000 1.5865 0.4905 1.2225 0.6153 2.3247 0.4121 1.8149 2.2279 1.1036 1.3223 0.8088 1.6399 0.5117 1.3127 1.2666 1.0434 1.5150 1.0096 1.0846 0.7560 0.8311 0.7094 0.5360 0.3107 0.2621 0.9287 1.6777 1.6488 1.7031 1.3429 0.9291 1.5096 0.9364 0.2520 0.9513 1.3956 1.5463 1.4456 0.8148 1.3030 2.2632 1.3772 1.2804 1.2779 0.8316 2.3496 1.3152 1.3671 1.1363 1.0700 0.8406 1.0437 1.7623 2.0237 1.4166 0.9933 1.4228 0.5828 0.6818 0.7571 1.2745 1.2796 0.8887 0.6753 1.9157 2.0915 1.1342 1.0083 1.3293 1.8659 0.6746 0.9061 1.1149 0.7356 0.8143 0.8925 0.9118 1.2481 1.6919 0.9428 0.6308 0.9936 1.4015 1.0956 0.7166 0.9118 0.6986 1.0260 0.8041 1.1363 1.1483 1.1518 0.8183 0.7921 0.6009 1.0023 1.0119
2.7457 2.6900 2.8128 2.6303 2.7689 2.5709 2.7429 2.6406 2.7348 2.6247 2.7008 2.5626 2.7140 3.0434 3.0446 2.9481 2.9047 2.7310 2.5484 2.7173 2.4569 2.6760 3.1500 2.3953 2.3062 2.4999 2.5203 2.6548 2.7264 2.5405 2.5204 2.6054 2.8526 2.9536 2.6247 2.8900 2.8332 2.6247 2.8309 2.6377 2.8246 2.7885 2.8469 2.5209 2.3769 2.6806 2.6493 2.7308 2.7011 2.7159 1.6446 1.1674 1.5865 0.0000 1.1049 0.6366 1.2346 0.8373 1.2080 0.4531 0.6724 0.7507 0.5348 0.9189 0.6550 1.3210 0.7813 0.4919 0.7813 0.2621 1.1266 0.6986 1.0792 0.8815 0.9906 1.2025 1.4153 1.4636 0.7797 0.5718 0.2571 0.3803 0.4531 1.1565 0.7813 1.1716 1.3735 0.8320 0.7014 0.2000 0.4514 0.9189 0.3803 0.7910 0.4179 0.7114 0.6145 0.8368 1.0260 0.5117 2.2400 1.1788 2.2773 1.7041 1.9920 3.0254 0.7447 2.6371 1.9741 2.6255 1.5041 1.4745 1.8592 1.1077 1.4118 1.6697 1.6919 3.2534 3.3039 1.0428 2.1094 1.0621 3.1346 1.1266 2.0127 2.3967 1.0338 1.1221 1.7611 2.2317 2.5438 3.1537 1.7841 1.2549 1.6312 2.7699 1.9372 1.6799 1.0338 1.8674 1.9719 1.7744 1.1788 2.2094 2.1081 1.6867 1.2018 1.5058 1.7564 1.2305
3.3635 3.3932 3.5312 3.3876 3.3869 3.0503 3.4642 3.2890 3.5364 3.3219 3.2411 3.2499 3.4322 3.8321 3.5189 3.2937 3.4180 3.3496 3.0231 3.2792 3.0414 3.2584 3.8310 3.0459 3.0003 3.1939 3.1722 3.2563 3.3435 3.2740 3.2440 3.1968 3.3301 3.3828 3.3219 3.5553 3.4050 3.3219 3.6191 3.2694 3.4589 3.5776 3.6205 3.1564 2.9146 3.4033 3.2056 3.4729 3.2537 3.3756 0.5759 0.4041 0.4905 1.1049 0.0000 0.8047 0.5130 1.8645 0.2154 1.3648 1.7482 0.6604 0.8802 0.4062 1.2023 0.3530 0.9037 0.8406 0.6249 1.0516 0.6804 0.6604 0.3958 0.4514 0.3332 0.2621 0.3302 0.4448 0.5027 1.2549 1.1793 1.2425 0.8938 0.6316 1.1025 0.7000 0.3302 0.5301 0.9546 1.0775 1.0141 0.4179 0.8406 1.7990 0.9291 0.8486 0.8363 0.3979 1.9066 0.8640 1.5710 0.8108 1.3816 1.0119 1.2763 2.1220 1.6047 1.7601 1.2142 1.7358 0.6797 0.7423 0.9933 0.8996 1.0618 0.9726 0.9142 2.3104 2.4337 0.7399 1.2538 0.9586 2.2316 0.3979 1.1888 1.4702 0.3958 0.5013 1.0677 1.2765 1.6093 2.1327 1.1036 0.5104 1.0238 1.7782 1.2500 0.9221 0.5518 0.9356 1.2083 0.8996 0.8108 1.4095 1.3507 0.9061 0.5463 0.7041 1.0821 0.7218
3.1642 3.1629 3.2761 3.0965 3.1740 2.8861 3.1859 3.0684 3.2179 3.0817 3.0754 2.9875 3.1832 3.5246 3.3911 3.1690 3.2665 3.1532 2.8826 3.0799 2.8654 3.0608 3.5843 2.8358 2.7077 2.9652 2.9502 3.0652 3.1569 2.9920 2.9805 3.0356 3.1431 3.2356 3.0817 3.3524 3.2538 3.0817 3.3112 3.0639 3.2540 3.2903 3.3129 2.9402 2.6926 3.1591 2.9976 3.1918 3.0767 3.1612 1.3142 0.7459 1.2225 0.6366 0.8047 0.0000 0.7218 1.3259 0.9008 0.7000 1.2346 0.3708 0.7337 0.4198 0.9008 1.0096 0.2571 0.4531 0.7041 0.6316 0.6073 0.5739 0.6804 0.4179 0.7061 0.9041 1.1077 1.0618 0.3302 1.0115 0.7507 0.8486 0.6028 0.6471 0.3503 0.6463 1.0141 0.6993 0.4179 0.5429 0.2621 0.4198 0.5130 1.3051 0.3072 0.3302 0.3037 0.5117 1.5363 0.4000 1.7592 0.7571 1.8179 1.1871 1.5104 2.5530 0.8448 2.1583 1.4961 2.1335 1.0431 1.0234 1.4180 0.7910 1.1568 1.2427 1.1805 2.7314 2.8369 0.7218 1.6534 0.7417 2.6680 0.7405 1.4985 1.9074 0.6519 0.6391 1.2978 1.7765 2.0973 2.6614 1.3394 0.7606 1.1198 2.3576 1.4572 1.1434 0.5718 1.4416 1.5451 1.4376 0.7571 1.7257 1.6608 1.3297 0.8359 1.0644 1.2745 0.7094
3.4318 3.4608 3.5868 3.4322 3.4456 3.0959 3.5047 3.3534 3.5727 3.3882 3.3112 3.2992 3.4956 3.8722 3.5853 3.3032 3.4754 3.4162 3.0912 3.3267 3.1235 3.3107 3.8784 3.1093 3.0392 3.2635 3.2306 3.3277 3.4203 3.3211 3.2994 3.2781 3.3616 3.4177 3.3882 3.6296 3.4916 3.3882 3.6577 3.3394 3.5225 3.6426 3.6570 3.2074 2.9447 3.4632 3.2519 3.5195 3.3194 3.4448 0.7061 0.2224 0.6153 1.2346 0.5130 0.7218 0.0000 1.8598 0.4919 1.2738 1.8506 0.6009 1.2422 0.4309 1.2085 0.4747 0.7237 0.9178 1.1027 1.1427 0.4198 0.7953 0.8047 0.5819 0.5383 0.4465 0.6374 0.4919 0.4642 1.3578 1.2796 1.3494 0.9715 0.6746 0.9146 0.3302 0.4179 1.0177 0.8495 1.1171 0.9817 0.3530 0.9565 1.8328 0.8925 0.7560 0.7560 0.5383 1.9379 0.8359 1.4303 0.7560 1.3374 0.9287 1.1652 2.0960 1.4835 1.7289 1.2418 1.6171 0.5155 0.7719 0.9240 0.9356 0.9383 0.8247 0.8218 2.2297 2.4146 1.1149 1.1598 0.8143 2.2195 0.6145 1.0594 1.4318 0.5130 0.3708 0.9933 1.2779 1.6169 2.0952 1.0231 0.5749 1.0285 1.8027 1.0749 0.8088 0.3979 0.8845 1.0950 0.8577 0.7560 1.3000 1.2149 0.8238 0.8272 0.6073 0.8828 0.5463
2.0575 1.9650 2.0825 1.8865 2.0878 1.9842 2.0189 1.9439 1.9679 1.9041 2.0540 1.8591 1.9836 2.2772 2.4440 2.4419 2.2712 2.0441 1.9743 2.0744 1.7898 2.0209 2.4348 1.7052 1.6207 1.7802 1.8302 1.9749 2.0326 1.8116 1.7935 1.9286 2.2572 2.3763 1.9041 2.1748 2.1587 1.9041 2.0687 1.9445 2.1308 2.0334 2.0915 1.8478 1.7876 1.9504 2.0146 1.9925 2.0492 2.0084 2.3258 1.7905 2.3247 0.8373 1.8645 1.3259 1.8598 0.0000 1.9365 0.6938 0.4179 1.2745 1.1893 1.6704 0.8052 1.9635 1.3411 1.0824 1.5950 0.8247 1.7543 1.2931 1.9098 1.6563 1.6543 1.8685 2.1801 2.2443 1.4902 0.8082 0.6993 0.6542 0.9933 1.9492 1.2994 1.6230 2.0835 1.6009 1.0317 0.8373 1.1605 1.6141 1.0285 0.1260 1.0403 1.1357 1.1168 1.4961 0.3332 1.0370 2.9825 1.9414 3.0993 2.4959 2.7877 3.8523 1.2749 3.4611 2.8008 3.3976 2.2532 2.2977 2.6709 1.8591 2.1081 2.4150 2.4918 4.0357 4.1372 1.8544 2.9057 1.7655 3.9647 1.9469 2.7899 3.2034 1.8319 1.8712 2.5681 3.0447 3.3729 3.9265 2.5880 2.0618 2.4082 3.5913 2.6522 2.4595 1.7581 2.6654 2.7627 2.5392 1.9414 3.0053 2.8749 2.4719 2.0317 2.3003 2.4472 1.9626
3.3528 3.3916 3.5345 3.3950 3.3778 3.0310 3.4731 3.2817 3.5502 3.3153 3.2192 3.2487 3.4293 3.8433 3.4892 3.2593 3.4026 3.3430 2.9943 3.2678 3.0211 3.2525 3.8334 3.0488 2.9989 3.1889 3.1731 3.2422 3.3313 3.2778 3.2450 3.1871 3.3017 3.3509 3.3153 3.5505 3.3858 3.3153 3.6321 3.2592 3.4552 3.5938 3.6328 3.1634 2.9050 3.4085 3.1891 3.4795 3.2342 3.3696 0.4531 0.3530 0.4121 1.2080 0.2154 0.9008 0.4919 1.9365 0.0000 1.4575 1.8354 0.7465 0.9291 0.5027 1.2599 0.2621 1.0033 0.8759 0.7465 1.1227 0.7953 0.6993 0.5013 0.5040 0.3271 0.2154 0.2621 0.5066 0.6082 1.2834 1.2549 1.3030 0.9524 0.7218 1.2023 0.7173 0.2621 0.6308 1.0403 1.1723 1.1098 0.5027 0.9110 1.8697 1.0234 0.9264 0.9256 0.4498 1.9612 0.9491 1.6586 0.9513 1.4153 1.0483 1.3497 2.1189 1.7148 1.7524 1.2425 1.7823 0.7916 0.8316 1.0772 1.0627 1.2534 1.1128 0.9495 2.2926 2.4399 0.8577 1.3361 1.1109 2.2197 0.5718 1.2403 1.4600 0.5828 0.6527 1.1500 1.2540 1.6010 2.0878 1.2023 0.5440 1.0486 1.7870 1.3541 0.9546 0.7047 1.0193 1.3276 1.0507 0.9513 1.4785 1.4619 1.0679 0.7186 0.8247 1.1937 0.8406
2.6142 2.5916 2.6941 2.5110 2.6251 2.3743 2.5970 2.5147 2.6146 2.5257 2.5489 2.4273 2.6165 2.9203 2.8774 2.7082 2.7285 2.5947 2.3773 2.5452 2.3348 2.5106 3.0023 2.2633 2.1641 2.4061 2.3822 2.5232 2.6059 2.4184 2.4115 2.4758 2.6574 2.7482 2.5257 2.7825 2.7073 2.5257 2.7073 2.5144 2.6882 2.6830 2.7117 2.3633 2.1780 2.5736 2.4786 2.6058 2.5485 2.6000 1.8633 1.2745 1.8149 0.4531 1.3648 0.7000 1.2738 0.6938 1.4575 0.0000 0.7824 0.7356 0.8887 1.0769 0.4642 1.5275 0.6753 0.6604 1.1030 0.4626 1.0804 0.9012 1.3276 1.0772 1.2167 1.4254 1.6899 1.6822 0.9033 0.6333 0.4344 0.5013 0.6073 1.3100 0.6316 1.0257 1.5810 1.1500 0.4642 0.3332 0.5440 1.0320 0.6091 0.7061 0.4514 0.5718 0.5440 1.0238 0.9146 0.5130 2.2982 1.2742 2.4787 1.8485 2.1249 3.2357 0.6527 2.8503 2.1762 2.7461 1.6218 1.6627 2.0458 1.1888 1.4334 1.7464 1.8551 3.4033 3.5130 1.2534 2.2636 1.0860 3.3559 1.3379 2.1375 2.5938 1.2151 1.2209 1.9116 2.4604 2.7773 3.3279 1.9269 1.4520 1.7803 3.0011 1.9650 1.8123 1.1003 2.0563 2.1069 1.9517 1.2742 2.3483 2.2073 1.8496 1.4086 1.6676 1.7595 1.2931
2.3603 2.2086 2.3462 2.1477 2.4026 2.3496 2.3153 2.2411 2.2048 2.1588 2.3805 2.1632 2.2238 2.5144 2.7673 2.8182 2.6104 2.3501 2.3115 2.4202 2.0917 2.3591 2.7278 2.0128 1.9452 2.0305 2.1414 2.2827 2.3223 2.0897 2.0575 2.2256 2.6206 2.7389 2.1588 2.4333 2.4474 2.1588 2.3131 2.2412 2.4310 2.2336 2.3576 2.1756 2.1648 2.1975 2.3636 2.2614 2.3783 2.2875 2.2585 1.7755 2.2279 0.6724 1.7482 1.2346 1.8506 0.4179 1.8354 0.7824 0.0000 1.3000 1.0425 1.5676 0.9909 1.9163 1.3278 1.0231 1.4196 0.7405 1.7287 1.2589 1.7315 1.5296 1.5890 1.8058 2.0492 2.1276 1.4185 0.8238 0.6009 0.5819 0.9750 1.7816 1.2984 1.7054 2.0081 1.4390 1.1342 0.7380 1.0254 1.5503 0.9513 0.3271 0.9758 1.1921 1.1298 1.4416 0.6316 1.0317 2.8600 1.7842 2.9401 2.3330 2.6338 3.6766 1.1368 3.2822 2.6069 3.2926 2.1686 2.1289 2.5284 1.6919 1.9886 2.3209 2.3445 3.9151 3.9451 1.6519 2.7777 1.6475 3.7789 1.7963 2.6726 3.0550 1.7041 1.7744 2.4014 2.8857 3.1959 3.8170 2.4241 1.9065 2.2153 3.4329 2.5686 2.3262 1.6761 2.5396 2.6328 2.4375 1.7842 2.8676 2.7647 2.3527 1.8591 2.1749 2.3827 1.8505
2.9157 2.9298 3.0482 2.8876 2.9277 2.6115 2.9603 2.8303 3.0193 2.8614 2.8167 2.7663 2.9635 3.3211 3.1141 2.8751 2.9841 2.8971 2.6146 2.8204 2.6213 2.7965 3.3435 2.5795 2.5071 2.7369 2.7008 2.8167 2.9066 2.7810 2.7635 2.7678 2.8885 2.9603 2.8614 3.1050 2.9916 2.8614 3.1059 2.8213 2.9989 3.0795 3.1062 2.6758 2.4397 2.9244 2.7500 2.9759 2.8206 2.9203 1.1357 0.5429 1.1036 0.7507 0.6604 0.3708 0.6009 1.2745 0.7465 0.7356 1.3000 0.0000 0.8645 0.5130 0.6316 0.8052 0.3780 0.5360 0.8272 0.6240 0.6308 0.3175 0.8103 0.5518 0.5130 0.7061 0.9844 1.0106 0.3072 0.8143 0.7417 0.8093 0.4344 0.9118 0.5337 0.4531 0.8609 0.7507 0.3302 0.5896 0.5463 0.4179 0.4642 1.2442 0.3958 0.3271 0.2571 0.3332 1.3442 0.2924 1.9059 0.9364 1.8998 1.4155 1.6697 2.6662 1.0507 2.2915 1.6822 2.1738 1.0254 1.1565 1.4647 0.9166 1.1363 1.2549 1.3463 2.8152 2.9659 1.0083 1.6979 0.7953 2.7845 0.7725 1.6044 2.0053 0.6527 0.7230 1.4570 1.8463 2.1762 2.6817 1.4767 0.9287 1.4123 2.3635 1.5328 1.3295 0.6249 1.4334 1.5855 1.3088 0.9364 1.8333 1.7001 1.2649 0.9146 1.1027 1.3259 0.9110
2.7595 2.7113 2.8599 2.6967 2.7949 2.5968 2.8185 2.6621 2.8242 2.6407 2.7021 2.6106 2.7389 3.1259 3.0475 2.9820 2.9251 2.7521 2.5526 2.7498 2.4454 2.7119 3.2075 2.4302 2.3651 2.5118 2.5595 2.6612 2.7292 2.5979 2.5608 2.6103 2.8734 2.9706 2.6407 2.9030 2.8238 2.6407 2.9163 2.6493 2.8530 2.8603 2.9353 2.5756 2.4273 2.7216 2.6759 2.7949 2.7078 2.7332 1.3402 1.0953 1.3223 0.5348 0.8802 0.7337 1.2422 1.1893 0.9291 0.8887 1.0425 0.8645 0.0000 0.9090 0.7926 1.0627 0.9383 0.5117 0.6366 0.4531 1.2651 0.6249 0.9683 0.8282 0.7725 0.9495 1.0925 1.3002 0.8401 0.6000 0.5217 0.5429 0.5217 1.1869 0.9926 1.2742 1.1548 0.4919 0.8453 0.5636 0.6391 0.9256 0.4309 1.1036 0.6073 0.8218 0.7399 0.7399 1.2067 0.6471 2.3351 1.2992 2.1568 1.7075 2.0163 2.8649 1.2223 2.4782 1.8865 2.5767 1.5119 1.4604 1.7894 1.2712 1.6260 1.7607 1.6539 3.1217 3.1603 1.0400 2.0676 1.2618 2.9553 1.1168 1.9931 2.2400 1.0766 1.2060 1.7870 2.0237 2.3483 2.9541 1.8276 1.1932 1.6166 2.5654 2.0484 1.6727 1.1538 1.7687 1.9926 1.7084 1.2992 2.1945 2.1517 1.6845 1.2126 1.4985 1.8830 1.3306
3.3878 3.4026 3.5251 3.3584 3.4010 3.0844 3.4417 3.3005 3.4919 3.3232 3.2820 3.2346 3.4294 3.7957 3.5820 3.3384 3.4663 3.3762 3.0767 3.2967 3.0792 3.2798 3.8281 3.0650 2.9626 3.2027 3.1829 3.2847 3.3772 3.2488 3.2308 3.2471 3.3448 3.4222 3.3232 3.5820 3.4612 3.3232 3.5816 3.2903 3.4810 3.5555 3.5823 3.1698 2.9115 3.4047 3.2155 3.4501 3.2872 3.3929 0.9110 0.3979 0.8088 0.9189 0.4062 0.4198 0.4309 1.6704 0.5027 1.0769 1.5676 0.5130 0.9090 0.0000 1.1337 0.6308 0.5130 0.6804 0.7067 0.8996 0.4642 0.7014 0.4327 0.2080 0.4514 0.5348 0.7014 0.6471 0.2154 1.2349 1.0313 1.1200 0.8218 0.4327 0.7067 0.5217 0.6082 0.6316 0.7000 0.8545 0.6527 0.1260 0.7399 1.6330 0.6374 0.5828 0.5749 0.4041 1.8175 0.6558 1.5326 0.6073 1.4537 0.9287 1.2403 2.1952 1.2225 1.8057 1.1876 1.7914 0.7186 0.7218 1.0624 0.7186 1.0298 0.9997 0.8622 2.3715 2.4933 0.7192 1.3139 0.7047 2.3092 0.4448 1.1752 1.5353 0.4062 0.4179 1.0323 1.3875 1.7176 2.2695 1.0826 0.4198 0.9110 1.9635 1.2302 0.8486 0.4062 1.0644 1.2500 1.0950 0.6073 1.4140 1.3770 1.0231 0.6073 0.7405 1.0621 0.5155
2.3096 2.3098 2.4246 2.2637 2.3231 2.0485 2.3376 2.2195 2.3932 2.2467 2.2315 2.1521 2.3446 2.6940 2.5455 2.3732 2.4046 2.2887 2.0479 2.2317 2.0266 2.1986 2.7257 1.9626 1.9020 2.1215 2.0855 2.2153 2.3001 2.1607 2.1437 2.1632 2.3381 2.4203 2.2467 2.4878 2.3937 2.2467 2.4786 2.2133 2.3869 2.4504 2.4800 2.0626 1.8659 2.2996 2.1676 2.3517 2.2328 2.3058 1.6009 1.0846 1.6399 0.6550 1.2023 0.9008 1.2085 0.8052 1.2599 0.4642 0.9909 0.6316 0.7926 1.1337 0.0000 1.2280 0.9037 0.5518 1.0903 0.4626 1.2401 0.5749 1.3772 1.1339 0.9491 1.1483 1.5122 1.6057 0.9287 0.3826 0.5217 0.5360 0.3530 1.5145 0.9069 0.9813 1.3887 1.0231 0.5013 0.5053 0.8148 1.0407 0.4642 0.7862 0.6073 0.6028 0.6009 0.8238 0.7447 0.5027 2.5177 1.5336 2.5227 2.0383 2.2962 3.2870 1.0627 2.9131 2.3001 2.7932 1.6478 1.7810 2.0878 1.4662 1.6768 1.8617 1.9759 3.4344 3.5889 1.4673 2.3199 1.3646 3.4027 1.3878 2.2352 2.6242 1.2745 1.3477 2.0820 2.4537 2.7881 3.2770 2.0986 1.5504 2.0127 2.9582 2.1399 1.9578 1.2425 2.0447 2.2015 1.8739 1.5336 2.4619 2.3136 1.8593 1.4988 1.7290 1.9286 1.5223
3.2039 3.2573 3.4062 3.2828 3.2322 2.8599 3.3507 3.1433 3.4455 3.1886 3.0556 3.1267 3.3037 3.7315 3.3005 3.0576 3.2237 3.1910 2.8171 3.1127 2.8698 3.0969 3.6943 2.9050 2.8940 3.0579 3.0327 3.0918 3.1791 3.1642 3.1257 3.0225 3.1401 3.1677 3.1886 3.4031 3.2176 3.1886 3.5220 3.1155 3.3050 3.4838 3.5220 3.0162 2.7617 3.2770 3.0409 3.3617 3.0750 3.2284 0.3803 0.3107 0.5117 1.3210 0.3530 1.0096 0.4747 1.9635 0.2621 1.5275 1.9163 0.8052 1.0627 0.6308 1.2280 0.0000 1.1008 0.9597 0.9495 1.1932 0.8622 0.6753 0.7405 0.6527 0.3332 0.1260 0.4514 0.6249 0.7067 1.2425 1.3227 1.3532 0.9747 0.9118 1.3006 0.7237 0.3037 0.8325 1.1079 1.2618 1.2300 0.6082 0.9747 1.8964 1.1198 1.0056 1.0056 0.5130 1.9205 1.0180 1.7651 1.0804 1.5582 1.2307 1.4835 2.2715 1.8248 1.9262 1.4461 1.8657 0.8282 0.9813 1.1878 1.1812 1.2804 1.1411 1.1198 2.4114 2.5952 1.0883 1.4318 1.1932 2.3758 0.6818 1.3658 1.6244 0.6542 0.7405 1.2856 1.4224 1.7553 2.1749 1.3189 0.7577 1.2742 1.8798 1.4126 1.1245 0.7786 1.1055 1.3973 1.0260 1.0804 1.6013 1.5235 1.0749 0.8532 0.9033 1.2344 0.9726
3.1827 3.1857 3.2928 3.1141 3.1886 2.8853 3.1940 3.0891 3.2306 3.1103 3.0915 3.0060 3.2091 3.5369 3.3953 3.1439 3.2659 3.1671 2.8922 3.0852 2.8933 3.0652 3.5905 2.8481 2.7301 2.9926 2.9625 3.0859 3.1786 3.0119 3.0037 3.0511 3.1461 3.2306 3.1103 3.3725 3.2739 3.1103 3.3230 3.0859 3.2660 3.3071 3.3232 2.9418 2.6936 3.1758 3.0082 3.2074 3.0922 3.1824 1.4029 0.8041 1.3127 0.7813 0.9037 0.2571 0.7237 1.3411 1.0033 0.6753 1.3278 0.3780 0.9383 0.5130 0.9037 1.1008 0.0000 0.6073 0.8996 0.7399 0.4465 0.6431 0.8103 0.5518 0.8088 1.0007 1.2083 1.1355 0.4021 1.0597 0.8545 0.9488 0.6527 0.6753 0.2000 0.5053 1.1025 0.8858 0.4160 0.6374 0.4531 0.5027 0.6073 1.3411 0.3958 0.3803 0.3332 0.6153 1.5451 0.4327 1.6804 0.6804 1.8503 1.1940 1.4841 2.5951 0.7808 2.2086 1.5439 2.1111 1.0254 1.0370 1.4332 0.7218 0.9868 1.1558 1.2064 2.7486 2.8709 0.8883 1.6442 0.5819 2.7163 0.7725 1.4891 1.9580 0.6527 0.6000 1.2738 1.8463 2.1544 2.6991 1.2994 0.8277 1.1500 2.4026 1.3512 1.1548 0.4905 1.4648 1.5025 1.4303 0.6804 1.7091 1.5987 1.2978 0.8693 1.0618 1.1500 0.6463
2.7611 2.7568 2.8813 2.7090 2.7779 2.5110 2.8062 2.6657 2.8417 2.6730 2.6755 2.5953 2.7780 3.1458 3.0036 2.8317 2.8829 2.7537 2.4933 2.6959 2.4520 2.6747 3.1997 2.4389 2.3210 2.5548 2.5559 2.6598 2.7481 2.6008 2.5814 2.6304 2.7705 2.8683 2.6730 2.9448 2.8440 2.6730 2.9332 2.6578 2.8570 2.9066 2.9369 2.5567 2.3231 2.7612 2.6115 2.8041 2.6783 2.7555 1.2873 0.8093 1.2666 0.4919 0.8406 0.4531 0.9178 1.0824 0.8759 0.6604 1.0231 0.5360 0.5117 0.6804 0.5518 0.9597 0.6073 0.0000 0.7230 0.2924 0.9936 0.3826 0.9166 0.6316 0.6374 0.8573 1.1208 1.2227 0.5896 0.6018 0.4344 0.4905 0.2520 1.0697 0.6542 0.8577 1.0428 0.6240 0.3958 0.3979 0.3979 0.6240 0.2154 1.0285 0.3302 0.3332 0.3332 0.4747 1.1895 0.3072 2.1950 1.2002 2.1095 1.5900 1.9139 2.8362 1.0459 2.4409 1.8333 2.4579 1.3514 1.3878 1.7215 1.2023 1.5529 1.6218 1.5363 3.0182 3.1417 0.9956 1.9789 1.1500 2.9409 1.0474 1.8539 2.1715 0.9726 1.0254 1.7012 1.9916 2.3408 2.8748 1.7457 1.0775 1.5135 2.5755 1.8745 1.5235 0.9619 1.7012 1.9049 1.6621 1.2002 2.0919 2.0341 1.6241 1.1674 1.3926 1.6870 1.1548
3.2871 3.2616 3.4010 3.2403 3.3159 3.0620 3.3425 3.1963 3.3668 3.1968 3.2103 3.1433 3.2955 3.6697 3.5312 3.3942 3.4063 3.2725 3.0330 3.2445 2.9772 3.2087 3.7304 2.9478 2.8943 3.0662 3.0785 3.1878 3.2622 3.1401 3.1093 3.1268 3.3502 3.4294 3.1968 3.4443 3.3473 3.1968 3.4569 3.1832 3.3743 3.4031 3.4704 3.0738 2.8978 3.2640 3.1752 3.3347 3.2173 3.2725 1.1500 1.0027 1.0434 0.7813 0.6249 0.7041 1.1027 1.5950 0.7465 1.1030 1.4196 0.8272 0.6366 0.7067 1.0903 0.9495 0.8996 0.7230 0.0000 0.8057 1.0263 0.7047 0.4514 0.6316 0.7160 0.8330 0.7719 0.9166 0.7054 1.0953 0.9118 0.9960 0.7560 0.7047 1.0079 1.2021 0.9517 0.2224 0.9283 0.7953 0.7577 0.8016 0.6542 1.5301 0.7218 0.8841 0.7953 0.7107 1.6865 0.7447 1.7870 0.7769 1.6136 1.1940 1.4548 2.3351 1.3069 1.9603 1.3344 2.0677 1.1101 0.8917 1.2481 0.7380 1.0700 1.2666 1.1613 2.6430 2.6098 0.5104 1.5302 0.8532 2.4309 0.6009 1.5037 1.7546 0.6463 0.8453 1.2099 1.5481 1.8276 2.5195 1.2381 0.7565 1.1179 2.0404 1.5590 1.2083 0.8311 1.2635 1.4283 1.2164 0.7769 1.6475 1.6114 1.1427 0.6009 1.0023 1.4373 0.9213
2.5952 2.5623 2.6859 2.5077 2.6159 2.3953 2.6142 2.4932 2.6278 2.4870 2.5349 2.4180 2.5844 2.9347 2.8763 2.7601 2.7444 2.5844 2.3727 2.5539 2.2967 2.5209 3.0165 2.2572 2.1523 2.3655 2.3785 2.4996 2.5787 2.4083 2.3884 2.4609 2.6677 2.7706 2.4870 2.7577 2.6827 2.4870 2.7215 2.4883 2.6826 2.6882 2.7313 2.3816 2.2012 2.5598 2.4781 2.6060 2.5359 2.5754 1.5363 1.0431 1.5150 0.2621 1.0516 0.6316 1.1427 0.8247 1.1227 0.4626 0.7405 0.6240 0.4531 0.8996 0.4626 1.1932 0.7399 0.2924 0.8057 0.0000 1.1298 0.5440 1.1206 0.8729 0.8653 1.0849 1.3592 1.4427 0.7417 0.4062 0.1442 0.2224 0.2571 1.2440 0.7447 1.0428 1.2852 0.7851 0.5205 0.2154 0.5040 0.8527 0.2224 0.7612 0.3503 0.5360 0.4642 0.7061 0.9488 0.3530 2.3429 1.3115 2.3208 1.7824 2.0835 3.0655 0.9185 2.6751 2.0435 2.6599 1.5225 1.5572 1.9083 1.2726 1.5821 1.7465 1.7427 3.2630 3.3617 1.1411 2.1616 1.2064 3.1738 1.1921 2.0547 2.4126 1.0956 1.1679 1.8617 2.2377 2.5722 3.1318 1.8930 1.2931 1.7175 2.7919 2.0151 1.7288 1.0804 1.8934 2.0533 1.8038 1.3115 2.2766 2.1841 1.7524 1.2978 1.5577 1.8220 1.3051
3.5287 3.5412 3.6518 3.4824 3.5355 3.2076 3.5538 3.4418 3.6038 3.4719 3.4280 3.3680 3.5715 3.9077 3.7148 3.4318 3.5853 3.5093 3.2201 3.4211 3.2402 3.4004 3.9414 3.1913 3.1011 3.3502 3.3095 3.4314 3.5237 3.3793 3.3677 3.3858 3.4739 3.5427 3.4719 3.7201 3.6104 3.4719 3.6927 3.4356 3.6090 3.6772 3.6925 3.2789 3.0316 3.5308 3.3499 3.5726 3.4306 3.5338 1.1176 0.5636 1.0096 1.1266 0.6804 0.6073 0.4198 1.7543 0.7953 1.0804 1.7287 0.6308 1.2651 0.4642 1.2401 0.8622 0.4465 0.9936 1.0263 1.1298 0.0000 0.8917 0.7577 0.6611 0.7380 0.7824 0.9499 0.8088 0.4344 1.4314 1.2427 1.3424 1.0231 0.5440 0.5718 0.3530 0.8148 0.9940 0.7953 1.0145 0.8243 0.4448 0.9813 1.7484 0.7900 0.7652 0.7218 0.6724 1.9157 0.8143 1.2879 0.5360 1.4572 0.8448 1.0880 2.2091 1.1109 1.8317 1.2287 1.6870 0.6308 0.7218 1.0345 0.7160 0.6753 0.7211 0.8277 2.3496 2.4898 1.0119 1.2285 0.4642 2.3370 0.5749 1.0826 1.5774 0.4498 0.2571 0.8996 1.4756 1.7797 2.3096 0.9146 0.5667 0.9283 2.0134 0.9283 0.7769 0.2080 1.0755 1.0746 1.0486 0.5360 1.2976 1.1659 0.8917 0.7465 0.6664 0.7218 0.3271
2.7257 2.7432 2.8774 2.7305 2.7479 2.4424 2.8091 2.6449 2.8773 2.6734 2.6221 2.5996 2.7810 3.1734 2.9255 2.7375 2.8057 2.7107 2.4233 2.6507 2.4134 2.6248 3.1820 2.3988 2.3516 2.5455 2.5251 2.6221 2.7077 2.6189 2.5902 2.5669 2.7270 2.7964 2.6734 2.9114 2.7838 2.6734 2.9600 2.6291 2.8171 2.9203 2.9622 2.5115 2.2888 2.7493 2.5791 2.8167 2.6303 2.7307 1.0437 0.6073 1.0846 0.6986 0.6604 0.5739 0.7953 1.2931 0.6993 0.9012 1.2589 0.3175 0.6249 0.7014 0.5749 0.6753 0.6431 0.3826 0.7047 0.5440 0.8917 0.0000 0.9174 0.7007 0.3803 0.5828 0.9495 1.0880 0.5130 0.6073 0.6664 0.6938 0.3107 1.1079 0.7851 0.7173 0.8406 0.5819 0.5117 0.6240 0.6611 0.6082 0.3302 1.2223 0.5117 0.4327 0.4179 0.3072 1.2672 0.4021 2.1444 1.1635 2.0311 1.6173 1.8789 2.7794 1.2481 2.4113 1.8371 2.3412 1.2169 1.3464 1.6183 1.1277 1.3906 1.4870 1.5286 2.9437 3.0896 1.0700 1.8652 1.0618 2.8894 0.9521 1.7932 2.1194 0.8609 0.9517 1.6673 1.9308 2.2685 2.7589 1.6929 1.1044 1.6012 2.4309 1.7812 1.5261 0.8645 1.5598 1.7832 1.4211 1.1635 2.0219 1.9113 1.4345 1.0775 1.2893 1.5822 1.1375
3.6292 3.6328 3.7632 3.5993 3.6493 3.3493 3.6900 3.5417 3.7324 3.5571 3.5292 3.4826 3.6623 4.0359 3.8338 3.6269 3.7195 3.6173 3.3295 3.5558 3.3148 3.5328 4.0768 3.3022 3.2173 3.4329 3.4255 3.5258 3.6122 3.4918 3.4684 3.4786 3.6209 3.6962 3.5571 3.8119 3.6930 3.5571 3.8221 3.5292 3.7225 3.7850 3.8271 3.4160 3.1832 3.6368 3.4777 3.6921 3.5365 3.6287 0.8858 0.7417 0.7560 1.0792 0.3958 0.6804 0.8047 1.9098 0.5013 1.3276 1.7315 0.8103 0.9683 0.4327 1.3772 0.7405 0.8103 0.9166 0.4514 1.1206 0.7577 0.9174 0.0000 0.4121 0.6611 0.6527 0.5360 0.5828 0.5372 1.4559 1.2403 1.3325 1.0507 0.3530 0.9719 0.9364 0.6604 0.5205 0.9960 1.0769 0.8729 0.5440 0.9590 1.8591 0.8887 0.8925 0.8577 0.6611 2.0528 0.9138 1.4166 0.5896 1.2283 0.7571 1.0641 1.9532 1.4121 1.5653 0.9360 1.6855 0.7851 0.5155 0.8802 0.6993 0.9615 0.9726 0.7218 2.2318 2.2412 0.3803 1.1654 0.7910 2.0589 0.3271 1.0925 1.3444 0.3826 0.5429 0.8373 1.1657 1.4659 2.1395 0.8938 0.3271 0.7067 1.7223 1.2167 0.7719 0.5646 0.9178 1.1058 0.9837 0.5896 1.2557 1.2781 0.8996 0.4021 0.6581 1.1098 0.6073
3.3702 3.3817 3.5064 3.3373 3.3848 3.0789 3.4273 3.2809 3.4719 3.2975 3.2661 3.2141 3.4049 3.7757 3.5734 3.3454 3.4619 3.3622 3.0650 3.2865 3.0567 3.2713 3.8154 3.0534 2.9382 3.1791 3.1698 3.2661 3.3585 3.2268 3.2080 3.2345 3.3330 3.4170 3.2975 3.5640 3.4444 3.2975 3.5628 3.2706 3.4679 3.5371 3.5643 3.1642 2.9030 3.3875 3.2007 3.4306 3.2713 3.3735 0.9287 0.5013 0.8311 0.8815 0.4514 0.4179 0.5819 1.6563 0.5040 1.0772 1.5296 0.5518 0.8282 0.2080 1.1339 0.6527 0.5518 0.6316 0.6316 0.8729 0.6611 0.7007 0.4121 0.0000 0.4531 0.5518 0.7061 0.7218 0.3332 1.2182 1.0033 1.0880 0.8143 0.5066 0.7281 0.6611 0.6463 0.5440 0.7047 0.8373 0.6308 0.2571 0.7230 1.6145 0.6316 0.5819 0.5759 0.4062 1.8111 0.6550 1.6543 0.7577 1.5132 0.9844 1.3394 2.2220 1.2359 1.8213 1.2142 1.8930 0.8896 0.8373 1.1677 0.8573 1.2207 1.1788 0.9283 2.4156 2.5242 0.6471 1.4272 0.8640 2.3275 0.6153 1.2745 1.5616 0.6018 0.6145 1.1409 1.3983 1.7418 2.3057 1.2064 0.4626 0.9065 2.0148 1.3892 0.9213 0.6091 1.1723 1.3925 1.2459 0.7577 1.5134 1.5238 1.1888 0.7399 0.8917 1.2366 0.6664
3.0414 3.0757 3.2163 3.0767 3.0655 2.7281 3.1530 2.9683 3.2307 3.0023 2.9160 2.9332 3.1146 3.5239 3.1968 2.9776 3.0978 3.0294 2.6984 2.9579 2.7159 2.9391 3.5154 2.7301 2.6859 2.8748 2.8554 2.9328 3.0211 2.9607 2.9286 2.8767 3.0050 3.0598 3.0023 3.2362 3.0820 3.0023 3.3120 2.9474 3.1400 3.2734 3.3128 2.8433 2.5952 3.0894 2.8821 3.1608 2.9289 3.0556 0.6753 0.3503 0.7094 0.9906 0.3332 0.7061 0.5383 1.6543 0.3271 1.2167 1.5890 0.5130 0.7725 0.4514 0.9491 0.3332 0.8088 0.6374 0.7160 0.8653 0.7380 0.3803 0.6611 0.4531 0.0000 0.2224 0.5759 0.7577 0.4309 0.9687 0.9956 1.0313 0.6611 0.8486 1.0056 0.6073 0.4747 0.6018 0.8047 0.9360 0.9118 0.3826 0.6471 1.5857 0.8047 0.7020 0.7007 0.2000 1.6468 0.7061 1.8858 0.9837 1.7045 1.3244 1.6013 2.4333 1.5199 2.0688 1.5313 2.0340 0.9594 1.0697 1.3210 1.0301 1.2724 1.2656 1.2287 2.5952 2.7501 0.9118 1.5735 1.0234 2.5389 0.7047 1.4958 1.7734 0.6374 0.7173 1.3942 1.5761 1.9174 2.3933 1.4305 0.8052 1.3108 2.0824 1.5402 1.2300 0.6804 1.2549 1.5274 1.1805 0.9837 1.7310 1.6586 1.2067 0.8545 1.0241 1.3507 0.9138
3.1823 3.2282 3.3733 3.2434 3.2088 2.8496 3.3140 3.1168 3.4021 3.1582 3.0434 3.0925 3.2720 3.6914 3.3022 3.0674 3.2155 3.1692 2.8128 3.0936 2.8522 3.0761 3.6655 2.8770 2.8541 3.0285 3.0041 3.0718 3.1594 3.1260 3.0903 3.0067 3.1299 3.1677 3.1582 3.3796 3.2067 3.1582 3.4806 3.0918 3.2817 3.4405 3.4808 2.9883 2.7374 3.2448 3.0209 3.3243 3.0602 3.2027 0.4626 0.2621 0.5360 1.2025 0.2621 0.9041 0.4465 1.8685 0.2154 1.4254 1.8058 0.7061 0.9495 0.5348 1.1483 0.1260 1.0007 0.8573 0.8330 1.0849 0.7824 0.5828 0.6527 0.5518 0.2224 0.0000 0.4309 0.6249 0.6028 1.1662 1.2142 1.2502 0.8759 0.8406 1.2005 0.6611 0.3107 0.7186 1.0092 1.1500 1.1195 0.5104 0.8653 1.8002 1.0119 0.9065 0.9041 0.4062 1.8441 0.9146 1.7631 1.0023 1.5664 1.2209 1.4823 2.2889 1.7175 1.9369 1.4316 1.8829 0.8282 0.9615 1.1893 1.0875 1.2305 1.1381 1.1176 2.4397 2.6085 0.9813 1.4360 1.1049 2.3941 0.6240 1.3694 1.6367 0.5848 0.6797 1.2779 1.4371 1.7714 2.2189 1.3115 0.7237 1.2422 1.9105 1.4126 1.1198 0.7007 1.1109 1.3976 1.0323 1.0023 1.6031 1.5263 1.0749 0.7900 0.9000 1.2291 0.9086
3.5905 3.6317 3.7781 3.6428 3.6184 3.2669 3.7205 3.5227 3.7997 3.5574 3.4521 3.4956 3.6719 4.0913 3.7111 3.4860 3.6330 3.5802 3.2221 3.5083 3.2548 3.4919 4.0768 3.2884 3.2502 3.4295 3.4147 3.4789 3.5659 3.5256 3.4904 3.4170 3.5417 3.5823 3.5574 3.7863 3.6125 3.5574 3.8805 3.4978 3.6934 3.8372 3.8818 3.4043 3.1515 3.6504 3.4316 3.7264 3.4696 3.6085 0.4179 0.5383 0.3107 1.4153 0.3302 1.1077 0.6374 2.1801 0.2621 1.6899 2.0492 0.9844 1.0925 0.7014 1.5122 0.4514 1.2083 1.1208 0.7719 1.3592 0.9499 0.9495 0.5360 0.7061 0.5759 0.4309 0.0000 0.3530 0.8148 1.5326 1.4870 1.5405 1.2023 0.8183 1.4061 0.9138 0.3107 0.6804 1.2765 1.3988 1.3156 0.7107 1.1518 2.1102 1.2485 1.1605 1.1570 0.7000 2.2104 1.1876 1.4902 1.0486 1.1956 0.8887 1.1565 1.8847 1.9074 1.5276 1.0298 1.6010 0.6938 0.6804 0.8854 1.1652 1.2656 0.9940 0.7617 2.0878 2.2054 0.9033 1.1505 1.2483 1.9835 0.5759 1.0621 1.2429 0.6542 0.7465 0.9722 1.0260 1.3641 1.8798 1.0285 0.5348 0.9521 1.5415 1.2283 0.7926 0.8359 0.8373 1.1548 0.9221 1.0486 1.2854 1.2978 0.9291 0.6581 0.6804 1.1125 0.9390
3.7856 3.8227 3.9587 3.8147 3.8066 3.4499 3.8869 3.7139 3.9621 3.7516 3.6541 3.6742 3.8622 4.2587 3.9143 3.6547 3.8208 3.7709 3.4254 3.6896 3.4642 3.6720 4.2516 3.4702 3.4225 3.6239 3.5954 3.6779 3.7674 3.7008 3.6727 3.6173 3.7248 3.7678 3.7516 3.9826 3.8232 3.7516 4.0452 3.6941 3.8805 4.0081 4.0454 3.5745 3.3200 3.8318 3.6162 3.8996 3.6677 3.8023 0.4465 0.5518 0.2621 1.4636 0.4448 1.0618 0.4919 2.2443 0.5066 1.6822 2.1276 1.0106 1.3002 0.6471 1.6057 0.6249 1.1355 1.2227 0.9166 1.4427 0.8088 1.0880 0.5828 0.7218 0.7577 0.6249 0.3530 0.0000 0.7813 1.6848 1.5724 1.6490 1.3030 0.7192 1.3257 0.8108 0.3302 0.8824 1.2854 1.4288 1.2873 0.6746 1.2425 2.1906 1.2459 1.1786 1.1640 0.8108 2.3169 1.2167 1.1703 0.9146 0.9499 0.6558 0.8640 1.6972 1.8254 1.3416 0.8609 1.2974 0.3530 0.4465 0.5749 1.0483 1.0263 0.6527 0.5117 1.8710 2.0115 0.9521 0.8316 1.1098 1.8119 0.4531 0.7571 1.0428 0.5217 0.6018 0.6804 0.8609 1.1911 1.7112 0.7218 0.4327 0.8057 1.3657 0.8824 0.5360 0.7061 0.5155 0.8243 0.6091 0.9146 0.9844 0.9590 0.6073 0.5819 0.3503 0.7769 0.8010
3.2054 3.2179 3.3379 3.1731 3.2182 2.9044 3.2519 3.1183 3.3045 3.1442 3.1046 3.0524 3.2480 3.6079 3.4049 3.1659 3.2809 3.1901 2.9019 3.1136 2.9040 3.0924 3.6382 2.8742 2.7861 3.0216 2.9942 3.1046 3.1953 3.0656 3.0482 3.0607 3.1743 3.2494 3.1442 3.3959 3.2806 3.1442 3.3930 3.1090 3.2931 3.3645 3.3938 2.9751 2.7308 3.2155 3.0382 3.2635 3.1090 3.2092 1.0119 0.4498 0.9287 0.7797 0.5027 0.3302 0.4642 1.4902 0.6082 0.9033 1.4185 0.3072 0.8401 0.2154 0.9287 0.7067 0.4021 0.5896 0.7054 0.7417 0.4344 0.5130 0.5372 0.3332 0.4309 0.6028 0.8148 0.7813 0.0000 1.0564 0.8693 0.9608 0.6374 0.6082 0.6009 0.5013 0.7107 0.6316 0.5155 0.6854 0.5646 0.1587 0.5718 1.4532 0.4747 0.4344 0.3958 0.2884 1.6175 0.4642 1.6468 0.6664 1.6251 1.1147 1.3866 2.3854 1.1195 2.0047 1.3805 1.9280 0.7900 0.8653 1.2002 0.6986 0.9844 1.0370 1.0486 2.5526 2.6813 0.7764 1.4416 0.6333 2.5033 0.5013 1.3297 1.7277 0.3979 0.4531 1.1725 1.5777 1.9042 2.4425 1.2025 0.6249 1.1079 2.1195 1.3030 1.0320 0.3803 1.1893 1.3409 1.1357 0.6664 1.5598 1.4636 1.0624 0.6542 0.8406 1.1117 0.6257
2.2048 2.1792 2.3131 2.1521 2.2318 2.0224 2.2537 2.1080 2.2892 2.1079 2.1451 2.0498 2.2093 2.5894 2.4892 2.4129 2.3566 2.1932 1.9919 2.1749 1.9022 2.1373 2.6433 1.8678 1.8017 1.9813 1.9941 2.1079 2.1835 2.0478 2.0186 2.0610 2.3039 2.4031 2.1079 2.3656 2.2829 2.1079 2.3764 2.0984 2.2934 2.3359 2.3854 1.9996 1.8426 2.1826 2.1041 2.2453 2.1477 2.1869 1.6141 1.1897 1.6777 0.5718 1.2549 1.0115 1.3578 0.8082 1.2834 0.6333 0.8238 0.8143 0.6000 1.2349 0.3826 1.2425 1.0597 0.6018 1.0953 0.4062 1.4314 0.6073 1.4559 1.2182 0.9687 1.1662 1.5326 1.6848 1.0564 0.0000 0.3530 0.2884 0.4198 1.6312 1.0674 1.2062 1.4387 0.9997 0.6753 0.5440 0.9065 1.1505 0.5117 0.7230 0.7192 0.7459 0.7350 0.8841 0.7000 0.6308 2.6943 1.6900 2.6189 2.1556 2.4369 3.3633 1.2289 2.9846 2.3916 2.9367 1.7992 1.9042 2.2054 1.6357 1.8991 2.0478 2.0868 3.5363 3.6717 1.5313 2.4546 1.5540 3.4698 1.5144 2.3706 2.7021 1.4165 1.5013 2.2201 2.5105 2.8532 3.3550 2.2467 1.6442 2.1096 3.0307 2.3351 2.0785 1.4095 2.1575 2.3591 2.0121 1.6900 2.5996 2.4861 2.0144 1.6288 1.8652 2.1322 1.6727
2.5171 2.4654 2.5902 2.4083 2.5410 2.3501 2.5232 2.4113 2.5203 2.3943 2.4714 2.3343 2.4870 2.8284 2.8201 2.7377 2.6844 2.5056 2.3223 2.4926 2.2234 2.4536 2.9294 2.1737 2.0748 2.2714 2.2968 2.4246 2.4976 2.3147 2.2934 2.3817 2.6259 2.7317 2.3943 2.6657 2.6054 2.3943 2.6159 2.4078 2.6008 2.5782 2.6303 2.3039 2.1552 2.4604 2.4207 2.5090 2.4717 2.4883 1.6683 1.1812 1.6488 0.2571 1.1793 0.7507 1.2796 0.6993 1.2549 0.4344 0.6009 0.7417 0.5217 1.0313 0.5217 1.3227 0.8545 0.4344 0.9118 0.1442 1.2427 0.6664 1.2403 1.0033 0.9956 1.2142 1.4870 1.5724 0.8693 0.3530 0.0000 0.1260 0.3826 1.3525 0.8545 1.1679 1.4201 0.9033 0.6316 0.2571 0.6082 0.9902 0.3530 0.6316 0.4642 0.6611 0.5896 0.8439 0.8325 0.4747 2.4459 1.4032 2.4426 1.8957 2.1930 3.1889 0.9189 2.7989 2.1596 2.7829 1.6433 1.6683 2.0268 1.3510 1.6491 1.8512 1.8636 3.3945 3.4808 1.2440 2.2794 1.2856 3.2967 1.3031 2.1769 2.5415 1.2051 1.2818 1.9682 2.3665 2.6963 3.2671 1.9963 1.4156 1.8255 2.9146 2.1210 1.8496 1.1897 2.0151 2.1616 1.9140 1.4032 2.3927 2.2932 1.8582 1.4015 1.6738 1.9280 1.4128
2.4144 2.3580 2.4858 2.3041 2.4403 2.2632 2.4238 2.3074 2.4179 2.2854 2.3727 2.2318 2.3785 2.7256 2.7261 2.6624 2.5921 2.4047 2.2304 2.3986 2.1189 2.3588 2.8295 2.0737 1.9736 2.1626 2.1968 2.3219 2.3932 2.2102 2.1869 2.2808 2.5364 2.6453 2.2854 2.5598 2.5022 2.2854 2.5137 2.3036 2.4999 2.4754 2.5292 2.2091 2.0689 2.3555 2.3258 2.4055 2.3731 2.3830 1.7044 1.2338 1.7031 0.3803 1.2425 0.8486 1.3494 0.6542 1.3030 0.5013 0.5819 0.8093 0.5429 1.1200 0.5360 1.3532 0.9488 0.4905 0.9960 0.2224 1.3424 0.6938 1.3325 1.0880 1.0313 1.2502 1.5405 1.6490 0.9608 0.2884 0.1260 0.0000 0.4121 1.4600 0.9488 1.2283 1.4730 0.9594 0.6753 0.3803 0.7107 1.0700 0.4121 0.5749 0.5646 0.7094 0.6581 0.8925 0.7423 0.5463 2.5603 1.5222 2.5350 2.0007 2.3024 3.2772 1.0234 2.8863 2.2573 2.8781 1.7387 1.7738 2.1235 1.4745 1.7736 1.9604 1.9626 3.4793 3.5732 1.3490 2.3783 1.4083 3.3828 1.4059 2.2759 2.6258 1.3104 1.3876 2.0788 2.4444 2.7796 3.3397 2.1090 1.5103 1.9262 2.9957 2.2317 1.9501 1.2974 2.1053 2.2685 2.0023 1.5222 2.4962 2.4005 1.9588 1.5094 1.7749 2.0371 1.5235
2.5953 2.5903 2.7159 2.5518 2.6142 2.3484 2.6412 2.5029 2.6859 2.5171 2.5139 2.4391 2.6199 2.9883 2.8389 2.6801 2.7090 2.5818 2.3337 2.5317 2.2929 2.5029 3.0310 2.2604 2.1788 2.3932 2.3831 2.4961 2.5805 2.4454 2.4233 2.4520 2.6263 2.7156 2.5171 2.7729 2.6738 2.5171 2.7740 2.4939 2.6837 2.7398 2.7783 2.3756 2.1677 2.5903 2.4575 2.6437 2.5172 2.5890 1.3338 0.8359 1.3429 0.4531 0.8938 0.6028 0.9715 0.9933 0.9524 0.6073 0.9750 0.4344 0.5217 0.8218 0.3530 0.9747 0.6527 0.2520 0.7560 0.2571 1.0231 0.3107 1.0507 0.8143 0.6611 0.8759 1.2023 1.3030 0.6374 0.4198 0.3826 0.4121 0.0000 1.2164 0.6938 0.8577 1.1003 0.6804 0.3530 0.3332 0.5348 0.7399 0.1260 0.9283 0.3302 0.3803 0.3332 0.5155 1.0263 0.2224 2.2766 1.2747 2.2208 1.7393 2.0189 2.9728 1.0254 2.5924 1.9842 2.5364 1.3939 1.4893 1.8021 1.2280 1.5121 1.6406 1.6729 3.1462 3.2770 1.1424 2.0503 1.1500 3.0837 1.1027 1.9580 2.3112 1.0033 1.0829 1.8028 2.1322 2.4710 2.9899 1.8302 1.2344 1.7041 2.6621 1.9228 1.6621 0.9933 1.7651 1.9517 1.6453 1.2747 2.1867 2.0781 1.6241 1.2180 1.4548 1.7228 1.2540
3.7946 3.7973 3.9135 3.7375 3.8059 3.5027 3.8244 3.7022 3.8597 3.7187 3.6991 3.6264 3.8209 4.1662 4.0056 3.7639 3.8829 3.7819 3.4996 3.7063 3.4927 3.6868 4.2197 3.4644 3.3496 3.5997 3.5816 3.6944 3.7856 3.6328 3.6193 3.6579 3.7631 3.8462 3.7187 3.9830 3.8765 3.7187 3.9523 3.6956 3.8838 3.9259 3.9544 3.5671 3.3188 3.7938 3.6261 3.8319 3.7022 3.7940 1.0618 0.7405 0.9291 1.1565 0.6316 0.6471 0.6746 1.9492 0.7218 1.3100 1.7816 0.9118 1.1869 0.4327 1.5145 0.9118 0.6753 1.0697 0.7047 1.2440 0.5440 1.1079 0.3530 0.5066 0.8486 0.8406 0.8183 0.7192 0.6082 1.6312 1.3525 1.4600 1.2164 0.0000 0.7719 0.8238 0.7786 0.7725 1.0379 1.1424 0.8108 0.5440 1.1198 1.9231 0.9360 0.9462 0.9248 0.8218 2.1632 1.0180 1.1937 0.3271 1.2589 0.5518 0.8925 1.9681 1.1588 1.5796 0.8887 1.6116 0.6797 0.4626 0.8996 0.4642 0.8047 0.8143 0.6073 2.1936 2.2300 0.5027 1.1221 0.5155 2.0858 0.3503 0.9655 1.3733 0.3530 0.3530 0.6804 1.2802 1.5566 2.1863 0.7405 0.3072 0.5130 1.8453 1.0023 0.5848 0.3958 0.9813 1.0145 1.0434 0.3271 1.1427 1.1457 0.8938 0.3979 0.6009 0.8967 0.3302
3.1794 3.1785 3.2809 3.0972 3.1836 2.8850 3.1779 3.0838 3.2072 3.1027 3.0913 2.9950 3.1994 3.5137 3.3969 3.1448 3.2657 3.1639 2.8932 3.0817 2.8930 3.0617 3.5778 2.8441 2.7168 2.9870 2.9567 3.0839 3.1768 2.9977 2.9927 3.0508 3.1442 3.2306 3.1027 3.3680 3.2739 3.1027 3.3009 3.0825 3.2612 3.2887 3.3011 2.9359 2.6891 3.1660 3.0046 3.1915 3.0913 3.1774 1.6022 1.0027 1.5096 0.7813 1.1025 0.3503 0.9146 1.2994 1.2023 0.6316 1.2984 0.5337 0.9926 0.7067 0.9069 1.3006 0.2000 0.6542 1.0079 0.7447 0.5718 0.7851 0.9719 0.7281 1.0056 1.2005 1.4061 1.3257 0.6009 1.0674 0.8545 0.9488 0.6938 0.7719 0.0000 0.6550 1.3018 1.0263 0.4309 0.6374 0.4531 0.7014 0.6542 1.3123 0.4121 0.4327 0.3979 0.8088 1.5313 0.4747 1.7248 0.7186 1.9894 1.2781 1.5701 2.7201 0.6366 2.3343 1.6566 2.2336 1.1888 1.1703 1.5821 0.7380 1.0056 1.2666 1.3310 2.8712 2.9839 0.9484 1.7782 0.5896 2.8417 0.9462 1.6093 2.0986 0.8311 0.7571 1.3671 2.0025 2.3001 2.8488 1.3894 0.9841 1.2025 2.5599 1.4183 1.2658 0.6463 1.6288 1.6208 1.6010 0.7186 1.8179 1.7045 1.4505 1.0141 1.2162 1.2203 0.7166
3.2161 3.2374 3.3536 3.1917 3.2250 2.8853 3.2627 3.1327 3.3249 3.1659 3.1068 3.0674 3.2698 3.6255 3.3885 3.0988 3.2660 3.1984 2.8941 3.1069 2.9206 3.0893 3.6436 2.8850 2.8041 3.0437 3.0043 3.1161 3.2091 3.0842 3.0684 3.0703 3.1491 3.2131 3.1659 3.4111 3.2908 3.1659 3.4106 3.1235 3.3009 3.4105 3.4090 2.9772 2.7188 3.2326 3.0339 3.2800 3.1112 3.2248 1.0079 0.4179 0.9364 1.1716 0.7000 0.6463 0.3302 1.6230 0.7173 1.0257 1.7054 0.4531 1.2742 0.5217 0.9813 0.7237 0.5053 0.8577 1.2021 1.0428 0.3530 0.7173 0.9364 0.6611 0.6073 0.6611 0.9138 0.8108 0.5013 1.2062 1.1679 1.2283 0.8577 0.8238 0.6550 0.0000 0.7237 1.1149 0.6028 1.0020 0.8887 0.4198 0.8917 1.6230 0.7725 0.5667 0.5906 0.5518 1.7052 0.6938 1.6047 0.8406 1.6216 1.1424 1.3754 2.3838 1.2726 2.0134 1.4853 1.8721 0.7447 0.9817 1.1937 0.9813 0.9837 0.9750 1.0618 2.5115 2.6958 1.2285 1.4108 0.7417 2.5115 0.7617 1.3000 1.7234 0.6374 0.5155 1.2018 1.5859 1.9205 2.4013 1.2225 0.7719 1.2280 2.1117 1.2320 1.0320 0.4626 1.1720 1.3031 1.0956 0.8406 1.5336 1.4096 1.0301 0.9683 0.8416 1.0260 0.6611
3.4841 3.5295 3.6718 3.5364 3.5081 3.1427 3.6076 3.4172 3.6916 3.4578 3.3435 3.3876 3.5711 3.9838 3.5968 3.3411 3.5127 3.4712 3.1097 3.3893 3.1555 3.3741 3.9629 3.1782 3.1426 3.3293 3.3038 3.3738 3.4632 3.4196 3.3868 3.3118 3.4167 3.4536 3.4578 3.6837 3.5113 3.4578 3.7720 3.3938 3.5833 3.7371 3.7720 3.2865 3.0265 3.5443 3.3149 3.6189 3.3598 3.5049 0.3072 0.3302 0.2520 1.3735 0.3302 1.0141 0.4179 2.0835 0.2621 1.5810 2.0081 0.8609 1.1548 0.6082 1.3887 0.3037 1.1025 1.0428 0.9517 1.2852 0.8148 0.8406 0.6604 0.6463 0.4747 0.3107 0.3107 0.3302 0.7107 1.4387 1.4201 1.4730 1.1003 0.7786 1.3018 0.7237 0.0000 0.8486 1.1588 1.3190 1.2401 0.6028 1.0697 2.0242 1.1518 1.0486 1.0449 0.5896 2.1021 1.0775 1.4841 0.9729 1.2618 0.9390 1.1895 1.9836 1.8236 1.6320 1.1632 1.5866 0.5828 0.7186 0.9004 1.1101 1.1570 0.9110 0.8183 2.1316 2.3074 1.0320 1.1500 1.1424 2.0917 0.5463 1.0697 1.3295 0.5646 0.6316 0.9997 1.1339 1.4702 1.9228 1.0403 0.5372 1.0231 1.6207 1.1570 0.8272 0.7192 0.8277 1.1339 0.8359 0.9729 1.3088 1.2616 0.8609 0.7186 0.6374 1.0023 0.8453
3.1677 3.1554 3.3003 3.1463 3.1986 2.9332 3.2473 3.0810 3.2837 3.0854 3.0791 3.0362 3.1895 3.5833 3.3952 3.2584 3.2818 3.1567 2.8954 3.1241 2.8469 3.0930 3.6278 2.8407 2.7876 2.9558 2.9704 3.0645 3.1411 3.0405 3.0063 3.0066 3.2166 3.2928 3.0854 3.3330 3.2192 3.0854 3.3715 3.0645 3.2622 3.3209 3.3828 2.9708 2.7788 3.1654 3.0505 3.2388 3.0886 3.1591 1.0323 0.9041 0.9513 0.8320 0.5301 0.6993 1.0177 1.6009 0.6308 1.1500 1.4390 0.7507 0.4919 0.6316 1.0231 0.8325 0.8858 0.6240 0.2224 0.7851 0.9940 0.5819 0.5205 0.5440 0.6018 0.7186 0.6804 0.8824 0.6316 0.9997 0.9033 0.9594 0.6804 0.7725 1.0263 1.1149 0.8486 0.0000 0.8934 0.8359 0.8143 0.7114 0.6009 1.5262 0.7459 0.8282 0.7606 0.6018 1.6495 0.7166 1.8968 0.9078 1.6800 1.2742 1.5638 2.3928 1.4123 2.0165 1.4327 2.1229 1.1248 1.0033 1.3221 0.9217 1.2438 1.3497 1.2180 2.6691 2.6868 0.6316 1.6060 0.9782 2.4868 0.6797 1.5568 1.7841 0.6804 0.8439 1.3325 1.5664 1.8744 2.5100 1.3721 0.7808 1.2083 2.0801 1.6374 1.2534 0.8238 1.3084 1.5376 1.2747 0.9078 1.7357 1.7087 1.2427 0.7606 1.0644 1.4936 0.9565
2.7704 2.7745 2.8853 2.7102 2.7783 2.4820 2.7913 2.6771 2.8332 2.6984 2.6804 2.5978 2.7988 3.1388 2.9899 2.7611 2.8610 2.7560 2.4845 2.6783 2.4786 2.6577 3.1859 2.4378 2.3242 2.5799 2.5527 2.6729 2.7651 2.6058 2.5947 2.6389 2.7457 2.8332 2.6984 2.9604 2.8606 2.6984 2.9244 2.6729 2.8559 2.9094 2.9248 2.5360 2.2903 2.7674 2.6008 2.8030 2.6813 2.7701 1.4373 0.8397 1.3956 0.7014 0.9546 0.4179 0.8495 1.0317 1.0403 0.4642 1.1342 0.3302 0.8453 0.7000 0.5013 1.1079 0.4160 0.3958 0.9283 0.5205 0.7953 0.5117 0.9960 0.7047 0.8047 1.0092 1.2765 1.2854 0.5155 0.6753 0.6316 0.6753 0.3530 1.0379 0.4309 0.6028 1.1588 0.8934 0.0000 0.5027 0.4531 0.6308 0.4198 1.0317 0.3037 0.1442 0.1442 0.6082 1.1669 0.2080 2.0768 1.0775 2.1341 1.5665 1.8538 2.8900 0.8416 2.5033 1.8657 2.4124 1.2765 1.3541 1.7082 1.0621 1.3289 1.4809 1.5323 3.0394 3.1839 1.0950 1.9400 0.9521 3.0069 1.0023 1.8137 2.2299 0.8845 0.9134 1.6395 2.0829 2.4134 2.9314 1.6660 1.1077 1.5276 2.6333 1.7228 1.5010 0.8103 1.6993 1.8209 1.6132 1.0775 2.0463 1.9294 1.5414 1.1221 1.3394 1.5150 1.0483
2.7131 2.6800 2.7965 2.6159 2.7307 2.5009 2.7160 2.6115 2.7280 2.6103 2.6536 2.5317 2.7041 3.0355 2.9883 2.8529 2.8503 2.6980 2.4864 2.6631 2.4232 2.6278 3.1207 2.3666 2.2679 2.4882 2.4883 2.6199 2.6991 2.5204 2.5047 2.5755 2.7796 2.8773 2.6103 2.8745 2.8026 2.6103 2.8219 2.6085 2.7939 2.7889 2.8309 2.4821 2.3053 2.6705 2.5921 2.7135 2.6539 2.6936 1.5956 1.0641 1.5463 0.2000 1.0775 0.5429 1.1171 0.8373 1.1723 0.3332 0.7380 0.5896 0.5636 0.8545 0.5053 1.2618 0.6374 0.3979 0.7953 0.2154 1.0145 0.6240 1.0769 0.8373 0.9360 1.1500 1.3988 1.4288 0.6854 0.5440 0.2571 0.3803 0.3332 1.1424 0.6374 1.0020 1.3190 0.8359 0.5027 0.0000 0.4041 0.8233 0.3072 0.7953 0.2571 0.5217 0.4309 0.7571 1.0234 0.3302 2.2071 1.1652 2.2632 1.6865 1.9735 3.0175 0.7399 2.6298 1.9734 2.5830 1.4450 1.4659 1.8380 1.1055 1.3952 1.6222 1.6661 3.2158 3.3031 1.0507 2.0801 1.0323 3.1312 1.1117 1.9717 2.3741 1.0023 1.0612 1.7505 2.2170 2.5388 3.1137 1.7738 1.2338 1.6279 2.7604 1.8822 1.6442 0.9608 1.8387 1.9461 1.7425 1.1652 2.1827 2.0709 1.6608 1.2000 1.4730 1.6887 1.1805
3.0650 3.0467 3.1588 2.9717 3.0767 2.8186 3.0713 2.9635 3.0849 2.9648 2.9896 2.8767 3.0630 3.3929 3.3183 3.1326 3.1913 3.0553 2.8083 2.9967 2.7675 2.9737 3.4769 2.7339 2.5953 2.8497 2.8480 2.9680 3.0560 2.8716 2.8611 2.9401 3.0766 3.1780 2.9648 3.2431 3.1588 2.9648 3.1809 2.9612 3.1540 3.1597 3.1859 2.8448 2.6173 3.0415 2.9140 3.0704 2.9899 3.0534 1.5363 0.9909 1.4456 0.4514 1.0141 0.2621 0.9817 1.1605 1.1098 0.5440 1.0254 0.5463 0.6391 0.6527 0.8148 1.2300 0.4531 0.3979 0.7577 0.5040 0.8243 0.6611 0.8729 0.6308 0.9118 1.1195 1.3156 1.2873 0.5646 0.9065 0.6082 0.7107 0.5348 0.8108 0.4531 0.8887 1.2401 0.8143 0.4531 0.4041 0.0000 0.6664 0.4498 1.1424 0.2224 0.4309 0.3530 0.7192 1.4111 0.3530 1.9263 0.8938 2.0218 1.3541 1.6878 2.7458 0.7000 2.3473 1.6738 2.3527 1.2747 1.2169 1.6288 0.9033 1.2818 1.4431 1.3770 2.9450 3.0222 0.7560 1.8651 0.8645 2.8576 0.9488 1.7096 2.1135 0.8577 0.8532 1.4727 1.9819 2.2972 2.8871 1.5132 0.9619 1.2498 2.5691 1.6485 1.3391 0.7769 1.6629 1.7445 1.6562 0.8938 1.9237 1.8629 1.5376 1.0234 1.2781 1.4715 0.8824
3.2903 3.3088 3.4318 3.2678 3.3032 2.9799 3.3483 3.2047 3.4031 3.2306 3.1816 3.1410 3.3371 3.7061 3.4777 3.2268 3.3622 3.2780 2.9737 3.1956 2.9823 3.1792 3.7319 2.9680 2.8713 3.1093 3.0862 3.1871 3.2800 3.1575 3.1389 3.1481 3.2411 3.3153 3.2306 3.4862 3.3622 3.2306 3.4919 3.1940 3.3832 3.4679 3.4921 3.0712 2.8103 3.3110 3.1155 3.3584 3.1871 3.2975 0.9037 0.3332 0.8148 0.9189 0.4179 0.4198 0.3530 1.6141 0.5027 1.0320 1.5503 0.4179 0.9256 0.1260 1.0407 0.6082 0.5027 0.6240 0.8016 0.8527 0.4448 0.6082 0.5440 0.2571 0.3826 0.5104 0.7107 0.6746 0.1587 1.1505 0.9902 1.0700 0.7399 0.5440 0.7014 0.4198 0.6028 0.7114 0.6308 0.8233 0.6664 0.0000 0.6804 1.5788 0.6009 0.5143 0.5066 0.3107 1.7378 0.5828 1.6018 0.6724 1.5241 1.0238 1.3208 2.2714 1.2344 1.8858 1.2873 1.8423 0.7447 0.8052 1.1227 0.7769 1.0507 1.0345 0.9499 2.4318 2.5741 0.8330 1.3715 0.7218 2.3859 0.5013 1.2422 1.6066 0.4327 0.4498 1.1128 1.4529 1.7868 2.3141 1.1565 0.5217 1.0209 2.0165 1.2749 0.9364 0.4179 1.1101 1.3039 1.1098 0.6724 1.4853 1.4269 1.0510 0.6854 0.7916 1.0931 0.5819
2.6984 2.6856 2.8118 2.6437 2.7184 2.4629 2.7389 2.6036 2.7740 2.6115 2.6217 2.5374 2.7131 3.0779 2.9509 2.8008 2.8213 2.6859 2.4455 2.6412 2.3953 2.6115 3.1322 2.3631 2.2749 2.4879 2.4858 2.5997 2.6826 2.5392 2.5172 2.5567 2.7389 2.8314 2.6115 2.8716 2.7780 2.6115 2.8640 2.5953 2.7872 2.8288 2.8701 2.4815 2.2795 2.6856 2.5660 2.7377 2.6247 2.6884 1.3190 0.8359 1.3030 0.3803 0.8406 0.5130 0.9565 1.0285 0.9110 0.6091 0.9513 0.4642 0.4309 0.7399 0.4642 0.9747 0.6073 0.2154 0.6542 0.2224 0.9813 0.3302 0.9590 0.7230 0.6471 0.8653 1.1518 1.2425 0.5718 0.5117 0.3530 0.4121 0.1260 1.1198 0.6542 0.8917 1.0697 0.6009 0.4198 0.3072 0.4498 0.6804 0.0000 0.9619 0.2621 0.4179 0.3332 0.4919 1.1038 0.2224 2.2012 1.1876 2.1435 1.6465 1.9345 2.8925 0.9933 2.5085 1.8925 2.4772 1.3392 1.4022 1.7289 1.1483 1.4529 1.5821 1.5871 3.0818 3.1938 1.0320 1.9824 1.0792 3.0023 1.0231 1.8865 2.2358 0.9283 1.0119 1.7155 2.0570 2.3933 2.9366 1.7457 1.1424 1.6045 2.5970 1.8625 1.5784 0.9283 1.7018 1.8831 1.6029 1.1876 2.1109 2.0151 1.5676 1.1368 1.3833 1.6692 1.1725
2.0878 1.9760 2.1005 1.9056 2.1230 2.0386 2.0486 1.9725 1.9834 1.9196 2.0917 1.8912 1.9949 2.2934 2.4770 2.5014 2.3131 2.0748 2.0130 2.1217 1.8174 2.0640 2.4629 1.7349 1.6625 1.7934 1.8624 2.0066 2.0575 1.8352 1.8116 1.9525 2.3147 2.4303 1.9196 2.1899 2.1803 1.9196 2.0855 1.9726 2.1595 2.0383 2.1147 1.8857 1.8504 1.9620 2.0646 2.0136 2.0889 2.0305 2.2596 1.7464 2.2632 0.7910 1.7990 1.3051 1.8328 0.1260 1.8697 0.7061 0.3271 1.2442 1.1036 1.6330 0.7862 1.8964 1.3411 1.0285 1.5301 0.7612 1.7484 1.2223 1.8591 1.6145 1.5857 1.8002 2.1102 2.1906 1.4532 0.7230 0.6316 0.5749 0.9283 1.9231 1.3123 1.6230 2.0242 1.5262 1.0317 0.7953 1.1424 1.5788 0.9619 0.0000 1.0119 1.1248 1.0956 1.4376 0.3332 1.0023 2.9721 1.9253 3.0550 2.4712 2.7620 3.8073 1.2765 3.4170 2.7615 3.3670 2.2197 2.2596 2.6282 1.8434 2.0964 2.3911 2.4595 4.0019 4.0929 1.8210 2.8687 1.7584 3.9173 1.9009 2.7619 3.1606 1.7905 1.8452 2.5390 2.9938 3.3211 3.8832 2.5593 2.0230 2.3863 3.5350 2.6419 2.4338 1.7358 2.6189 2.7295 2.4879 1.9253 2.9751 2.8485 2.4279 1.9872 2.2622 2.4395 1.9501
2.8813 2.8705 2.9841 2.8053 2.8936 2.6251 2.8963 2.7838 2.9248 2.7943 2.8030 2.7036 2.8932 3.2314 3.1256 2.9367 2.9946 2.8679 2.6187 2.8079 2.5867 2.7822 3.2967 2.5447 2.4302 2.6754 2.6620 2.7845 2.8720 2.7036 2.6908 2.7485 2.8932 2.9873 2.7943 3.0607 2.9713 2.7943 3.0175 2.7799 2.9669 2.9920 3.0211 2.6518 2.4302 2.8640 2.7307 2.9008 2.8038 2.8730 1.4414 0.8759 1.3772 0.4179 0.9291 0.3072 0.8925 1.0403 1.0234 0.4514 0.9758 0.3958 0.6073 0.6374 0.6073 1.1198 0.3958 0.3302 0.7218 0.3503 0.7900 0.5117 0.8887 0.6316 0.8047 1.0119 1.2485 1.2459 0.4747 0.7192 0.4642 0.5646 0.3302 0.9360 0.4121 0.7725 1.1518 0.7459 0.3037 0.2571 0.2224 0.6009 0.2621 1.0119 0.0000 0.3072 0.2080 0.6082 1.2318 0.1442 2.0099 0.9841 2.0667 1.4767 1.7738 2.8174 0.7617 2.4276 1.7716 2.3759 1.2442 1.2722 1.6465 0.9524 1.2742 1.4371 1.4546 2.9980 3.1053 0.8917 1.8849 0.8824 2.9330 0.9326 1.7581 2.1671 0.8233 0.8527 1.5562 2.0203 2.3458 2.9040 1.5855 1.0263 1.4213 2.5787 1.6823 1.4257 0.7560 1.6511 1.7620 1.5861 0.9841 1.9803 1.8805 1.4975 1.0257 1.2804 1.4868 0.9683
2.8559 2.8629 2.9775 2.8027 2.8648 2.5659 2.8875 2.7629 2.9299 2.7818 2.7612 2.6856 2.8850 3.2354 3.0724 2.8414 2.9494 2.8448 2.5645 2.7650 2.5569 2.7481 3.2809 2.5309 2.4078 2.6646 2.6445 2.7560 2.8497 2.6955 2.6827 2.7273 2.8219 2.9118 2.7818 3.0492 2.9442 2.7818 3.0215 2.7573 2.9467 3.0070 3.0218 2.6333 2.3756 2.8607 2.6826 2.8961 2.7629 2.8571 1.3272 0.7399 1.2804 0.7114 0.8486 0.3302 0.7560 1.1357 0.9264 0.5718 1.1921 0.3271 0.8218 0.5828 0.6028 1.0056 0.3803 0.3332 0.8841 0.5360 0.7652 0.4327 0.8925 0.5819 0.7020 0.9065 1.1605 1.1786 0.4344 0.7459 0.6611 0.7094 0.3803 0.9462 0.4327 0.5667 1.0486 0.8282 0.1442 0.5217 0.4309 0.5143 0.4179 1.1248 0.3072 0.0000 0.1260 0.5040 1.2745 0.2154 2.0224 1.0323 2.0317 1.4701 1.7767 2.7768 0.9240 2.3854 1.7584 2.3299 1.2076 1.2691 1.6207 1.0474 1.3510 1.4443 1.4301 2.9293 3.0751 1.0254 1.8607 0.9524 2.8903 0.9291 1.7248 2.1128 0.8267 0.8541 1.5638 1.9605 2.2972 2.8156 1.5999 0.9933 1.4228 2.5298 1.6812 1.4022 0.7714 1.6116 1.7623 1.5590 1.0323 1.9646 1.8757 1.4935 1.0615 1.2649 1.4809 0.9841
2.8730 2.8763 2.9906 2.8169 2.8833 2.5903 2.9008 2.7799 2.9426 2.7991 2.7829 2.7036 2.9008 3.2480 3.0956 2.8759 2.9680 2.8596 2.5890 2.7862 2.5767 2.7650 3.2950 2.5415 2.4302 2.6801 2.6577 2.7744 2.8657 2.7114 2.6982 2.7397 2.8547 2.9429 2.7991 3.0617 2.9604 2.7991 3.0336 2.7744 2.9605 3.0123 3.0346 2.6437 2.4010 2.8717 2.7077 2.9100 2.7845 2.8720 1.3295 0.7399 1.2779 0.6145 0.8363 0.3037 0.7560 1.1168 0.9256 0.5440 1.1298 0.2571 0.7399 0.5749 0.6009 1.0056 0.3332 0.3332 0.7953 0.4642 0.7218 0.4179 0.8577 0.5759 0.7007 0.9041 1.1570 1.1640 0.3958 0.7350 0.5896 0.6581 0.3332 0.9248 0.3979 0.5906 1.0449 0.7606 0.1442 0.4309 0.3530 0.5066 0.3332 1.0956 0.2080 0.1260 0.0000 0.5013 1.2633 0.1260 1.9866 0.9844 2.0141 1.4557 1.7477 2.7675 0.8737 2.3800 1.7419 2.3087 1.1723 1.2381 1.5928 0.9722 1.2728 1.3926 1.4153 2.9273 3.0620 0.9619 1.8302 0.8828 2.8833 0.8845 1.7044 2.1074 0.7758 0.8108 1.5326 1.9573 2.2887 2.8176 1.5628 0.9844 1.4155 2.5125 1.6406 1.3878 0.7173 1.5842 1.7194 1.5132 0.9844 1.9373 1.8338 1.4424 1.0027 1.2289 1.4387 0.9521
3.0099 3.0336 3.1659 3.0143 3.0290 2.7061 3.0937 2.9293 3.1599 2.9581 2.8967 2.8798 3.0674 3.4582 3.1918 2.9694 3.0808 2.9976 2.6884 2.9245 2.6936 2.9053 3.4679 2.6908 2.6219 2.8332 2.8132 2.9044 2.9942 2.9011 2.8751 2.8569 2.9779 3.0460 2.9581 3.2035 3.0684 2.9581 3.2448 2.9138 3.1053 3.2117 3.2456 2.8008 2.5516 3.0414 2.8469 3.1018 2.9053 3.0188 0.8453 0.3708 0.8316 0.8368 0.3979 0.5117 0.5383 1.4961 0.4498 1.0238 1.4416 0.3332 0.7399 0.4041 0.8238 0.5130 0.6153 0.4747 0.7107 0.7061 0.6724 0.3072 0.6611 0.4062 0.2000 0.4062 0.7000 0.8108 0.2884 0.8841 0.8439 0.8925 0.5155 0.8218 0.8088 0.5518 0.5896 0.6018 0.6082 0.7571 0.7192 0.3107 0.4919 1.4376 0.6082 0.5040 0.5013 0.0000 1.5326 0.5117 1.8858 0.9283 1.7477 1.3244 1.6047 2.4892 1.3263 2.1146 1.5451 2.0726 0.9687 1.0720 1.3494 0.9565 1.2403 1.2672 1.2344 2.6522 2.8011 0.8887 1.6023 0.9189 2.5984 0.7047 1.5103 1.8237 0.6308 0.7000 1.3956 1.6390 1.9812 2.4796 1.4318 0.8052 1.3057 2.1693 1.5402 1.2318 0.6374 1.2994 1.5412 1.2305 0.9283 1.7478 1.6704 1.2287 0.8545 1.0323 1.3492 0.8729
1.7993 1.7052 1.8221 1.6442 1.8328 1.7447 1.7611 1.6908 1.7360 1.6630 1.8028 1.6171 1.7378 2.0405 2.1743 2.2099 2.0022 1.7767 1.7238 1.8256 1.5442 1.7594 2.1676 1.4301 1.4121 1.5325 1.5628 1.7219 1.7710 1.5714 1.5489 1.6478 2.0386 2.1401 1.6630 1.9042 1.8858 1.6630 1.8282 1.6907 1.8591 1.7810 1.8496 1.5700 1.5701 1.6822 1.7832 1.7427 1.8008 1.7477 2.2984 1.8150 2.3496 1.0260 1.9066 1.5363 1.9379 0.3332 1.9612 0.9146 0.6316 1.3442 1.2067 1.8175 0.7447 1.9205 1.5451 1.1895 1.6865 0.9488 1.9157 1.2672 2.0528 1.8111 1.6468 1.8441 2.2104 2.3169 1.6175 0.7000 0.8325 0.7423 1.0263 2.1632 1.5313 1.7052 2.1021 1.6495 1.1669 1.0234 1.4111 1.7378 1.1038 0.3332 1.2318 1.2745 1.2633 1.5326 0.0000 1.1652 3.1743 2.1633 3.2241 2.7013 2.9683 3.9876 1.5325 3.6086 2.9773 3.5068 2.3560 2.4598 2.7877 2.0758 2.2784 2.5425 2.6607 4.1555 4.2840 2.0661 3.0215 1.9781 4.1013 2.0753 2.9353 3.3306 1.9603 2.0269 2.7501 3.1569 3.4897 4.0038 2.7646 2.2294 2.6497 3.6648 2.8118 2.6391 1.9156 2.7533 2.8879 2.5731 2.1633 3.1539 3.0013 2.5508 2.1715 2.4242 2.6018 2.1716
2.7838 2.7821 2.8983 2.7264 2.7965 2.5152 2.8118 2.6900 2.8526 2.7073 2.6991 2.6159 2.8083 3.1575 3.0165 2.8190 2.8861 2.7695 2.5106 2.7050 2.4878 2.6801 3.2064 2.4484 2.3467 2.5867 2.5669 2.6858 2.7744 2.6217 2.6067 2.6471 2.7861 2.8751 2.7073 2.9673 2.8698 2.7073 2.9429 2.6842 2.8699 2.9164 2.9451 2.5537 2.3265 2.7772 2.6291 2.8193 2.7008 2.7799 1.3532 0.7824 1.3152 0.5117 0.8640 0.4000 0.8359 1.0370 0.9491 0.5130 1.0317 0.2924 0.6471 0.6558 0.5027 1.0180 0.4327 0.3072 0.7447 0.3530 0.8143 0.4021 0.9138 0.6550 0.7061 0.9146 1.1876 1.2167 0.4642 0.6308 0.4747 0.5463 0.2224 1.0180 0.4747 0.6938 1.0775 0.7166 0.2080 0.3302 0.3530 0.5828 0.2224 1.0023 0.1442 0.2154 0.1260 0.5117 1.1652 0.0000 2.0745 1.0679 2.0875 1.5490 1.8333 2.8440 0.8737 2.4591 1.8237 2.3878 1.2427 1.3177 1.6625 1.0320 1.3261 1.4636 1.5021 3.0113 3.1400 0.9933 1.9027 0.9495 2.9594 0.9488 1.7898 2.1844 0.8401 0.8917 1.6173 2.0266 2.3591 2.8908 1.6445 1.0697 1.5107 2.5717 1.7256 1.4796 0.7953 1.6465 1.7898 1.5543 1.0679 2.0187 1.9083 1.4946 1.0591 1.2994 1.5238 1.0449
4.8093 4.8242 4.9336 4.7653 4.8164 4.4766 4.8331 4.7250 4.8830 4.7578 4.7040 4.6528 4.8568 5.1863 4.9762 4.6713 4.8492 4.7874 4.4896 4.6970 4.5210 4.6750 5.2184 4.4687 4.3876 4.6350 4.5891 4.7122 4.8035 4.6639 4.6529 4.6588 4.7444 4.8022 4.7578 4.9994 4.8841 4.7578 4.9715 4.7180 4.8865 4.9502 4.9712 4.5508 4.3095 4.8115 4.6292 4.8547 4.7080 4.8160 1.5703 1.6358 1.3671 2.2400 1.5710 1.7592 1.4303 2.9825 1.6586 2.2982 2.8600 1.9059 2.3351 1.5326 2.5177 1.7651 1.6804 2.1950 1.7870 2.3429 1.2879 2.1444 1.4166 1.6543 1.8858 1.7631 1.4902 1.1703 1.6468 2.6943 2.4459 2.5603 2.2766 1.1937 1.7248 1.6047 1.4841 1.8968 2.0768 2.2071 1.9263 1.6018 2.2012 2.9721 2.0099 2.0224 1.9866 1.8858 3.1743 2.0745 0.0000 1.0875 0.8453 0.7780 0.4121 1.3579 1.9259 1.1277 0.9750 0.9114 0.9521 0.9189 0.6986 1.2283 0.9933 0.7067 0.7953 1.4796 1.5638 1.4975 0.6316 1.2438 1.4943 1.2364 0.5372 1.0238 1.3000 1.1956 0.6333 1.1429 1.1871 1.6399 0.6009 1.2285 1.2042 1.4061 0.4041 0.7813 1.2856 0.7958 0.5155 0.9868 1.0875 0.5130 0.4498 0.8486 1.2000 0.8759 0.6091 1.0516
3.8354 3.8332 3.9417 3.7648 3.8442 3.5429 3.8444 3.7426 3.8779 3.7629 3.7476 3.6626 3.8600 4.1838 4.0500 3.8017 3.9157 3.8168 3.5498 3.7427 3.5470 3.7175 4.2412 3.4927 3.3919 3.6425 3.6115 3.7396 3.8287 3.6654 3.6556 3.6948 3.8133 3.8923 3.7629 4.0180 3.9219 3.7629 3.9697 3.7386 3.9147 3.9414 3.9718 3.5855 3.3566 3.8208 3.6708 3.8579 3.7490 3.8325 1.2687 0.8532 1.1363 1.1788 0.8108 0.7571 0.7560 1.9414 0.9513 1.2742 1.7842 0.9364 1.2992 0.6073 1.5336 1.0804 0.6804 1.2002 0.7769 1.3115 0.5360 1.1635 0.5896 0.7577 0.9837 1.0023 1.0486 0.9146 0.6664 1.6900 1.4032 1.5222 1.2747 0.3271 0.7186 0.8406 0.9729 0.9078 1.0775 1.1652 0.8938 0.6724 1.1876 1.9253 0.9841 1.0323 0.9844 0.9283 2.1633 1.0679 1.0875 0.0000 1.4000 0.6374 0.9045 2.0986 0.9868 1.7226 1.0263 1.6738 0.7769 0.6073 1.0320 0.2224 0.5013 0.7447 0.7577 2.3092 2.3365 0.5828 1.2018 0.2621 2.2211 0.5117 1.0534 1.5325 0.4531 0.3979 0.7047 1.4645 1.7210 2.3386 0.7173 0.5749 0.6527 1.9958 0.8955 0.7014 0.3979 1.1266 1.0141 1.1342 0.0000 1.1937 1.1125 0.9364 0.5117 0.7192 0.7926 0.3072
4.7342 4.7715 4.9052 4.7573 4.7543 4.3907 4.8295 4.6627 4.9003 4.7002 4.5994 4.6198 4.8101 5.1992 4.8471 4.5722 4.7606 4.7189 4.3652 4.6343 4.4127 4.6173 5.1968 4.4176 4.3636 4.5729 4.5427 4.6265 4.7163 4.6447 4.6188 4.5641 4.6628 4.6998 4.7002 4.9318 4.7683 4.7002 4.9850 4.6432 4.8282 4.9473 4.9851 4.5187 4.2621 4.7787 4.5609 4.8434 4.6139 4.7515 1.2765 1.4905 1.0700 2.2773 1.3816 1.8179 1.3374 3.0993 1.4153 2.4787 2.9401 1.8998 2.1568 1.4537 2.5227 1.5582 1.8503 2.1095 1.6136 2.3208 1.4572 2.0311 1.2283 1.5132 1.7045 1.5664 1.1956 0.9499 1.6251 2.6189 2.4426 2.5350 2.2208 1.2589 1.9894 1.6216 1.2618 1.6800 2.1341 2.2632 2.0218 1.5241 2.1435 3.0550 2.0667 2.0317 2.0141 1.7477 3.2241 2.0875 0.8453 1.4000 0.0000 0.8277 0.6018 0.7764 2.3859 0.4642 0.6009 0.6611 0.9033 0.8406 0.4498 1.5325 1.4000 0.8316 0.6746 1.0746 1.0880 1.4074 0.3175 1.6367 0.9033 1.1613 0.4626 0.3332 1.2796 1.2656 0.7230 0.5027 0.3708 1.0477 0.7237 1.0766 1.1277 0.6145 0.8573 0.7577 1.3906 0.5117 0.4919 0.8088 1.4000 0.3503 0.5463 0.7459 1.1117 0.8243 0.9747 1.3137
4.3112 4.3255 4.4433 4.2715 4.3218 3.9957 4.3533 4.2235 4.3976 4.2467 4.2032 4.1524 4.3511 4.7033 4.4936 4.2220 4.3792 4.2982 3.9925 4.2125 4.0056 4.1965 4.7428 3.9855 3.8764 4.1270 4.1029 4.2090 4.3024 4.1644 4.1501 4.1701 4.2523 4.3248 4.2467 4.5062 4.3853 4.2467 4.4891 4.2147 4.4019 4.4636 4.4895 4.0845 3.8225 4.3239 4.1321 4.3642 4.2083 4.3168 1.0516 1.1149 0.8406 1.7041 1.0119 1.1871 0.9287 2.4959 1.0483 1.8485 2.3330 1.4155 1.7075 0.9287 2.0383 1.2307 1.1940 1.5900 1.1940 1.7824 0.8448 1.6173 0.7571 0.9844 1.3244 1.2209 0.8887 0.6558 1.1147 2.1556 1.8957 2.0007 1.7393 0.5518 1.2781 1.1424 0.9390 1.2742 1.5665 1.6865 1.3541 1.0238 1.6465 2.4712 1.4767 1.4701 1.4557 1.3244 2.7013 1.5490 0.7780 0.6374 0.8277 0.0000 0.4327 1.4774 1.6057 1.1033 0.5143 1.1548 0.5518 0.3332 0.5360 0.7958 0.7758 0.5646 0.2154 1.6948 1.7205 0.8495 0.7173 0.8858 1.5984 0.7054 0.5383 0.9360 0.8010 0.7061 0.3072 0.9069 1.1339 1.7484 0.4041 0.5348 0.4626 1.4414 0.6986 0.2154 0.8143 0.6374 0.6604 0.7797 0.6374 0.6724 0.7786 0.6333 0.6550 0.4327 0.6374 0.5749
4.5797 4.5991 4.7172 4.5527 4.5911 4.2509 4.6255 4.4971 4.6791 4.5285 4.4678 4.4322 4.6316 4.9830 4.7427 4.4580 4.6263 4.5615 4.2507 4.4751 4.2784 4.4551 5.0089 4.2470 4.1659 4.4048 4.3684 4.4786 4.5700 4.4467 4.4311 4.4265 4.5192 4.5775 4.5285 4.7727 4.6455 4.5285 4.7679 4.4866 4.6644 4.7375 4.7680 4.3389 4.0898 4.5940 4.4028 4.6424 4.4744 4.5882 1.2549 1.3660 1.0437 1.9920 1.2763 1.5104 1.1652 2.7877 1.3497 2.1249 2.6338 1.6697 2.0163 1.2403 2.2962 1.4835 1.4841 1.9139 1.4548 2.0835 1.0880 1.8789 1.0641 1.3394 1.6013 1.4823 1.1565 0.8640 1.3866 2.4369 2.1930 2.3024 2.0189 0.8925 1.5701 1.3754 1.1895 1.5638 1.8538 1.9735 1.6878 1.3208 1.9345 2.7620 1.7738 1.7767 1.7477 1.6047 2.9683 1.8333 0.4121 0.9045 0.6018 0.4327 0.0000 1.2263 1.8704 0.8887 0.5819 0.8495 0.7107 0.5646 0.3803 1.0498 0.8887 0.5130 0.4498 1.4373 1.4619 1.1427 0.4198 1.1381 1.3523 0.9390 0.3332 0.7507 1.0320 0.9499 0.2621 0.8238 0.9248 1.5154 0.2571 0.8887 0.8653 1.2064 0.4448 0.4531 1.0594 0.5066 0.2924 0.7423 0.9045 0.3332 0.3979 0.6082 0.8759 0.6073 0.5383 0.8541
5.4650 5.5085 5.6476 5.5015 5.4877 5.1165 5.5775 5.3964 5.6487 5.4326 5.3192 5.3587 5.5457 5.9469 5.5522 5.2796 5.4867 5.4535 5.0768 5.3673 5.1327 5.3547 5.9410 5.1601 5.1006 5.3066 5.2842 5.3538 5.4441 5.3862 5.3579 5.2929 5.3810 5.4113 5.4326 5.6661 5.4862 5.4326 5.7338 5.3740 5.5657 5.6964 5.7339 5.2666 4.9983 5.5221 5.2895 5.5878 5.3370 5.4856 1.9510 2.2382 1.7623 3.0254 2.1220 2.5530 2.0960 3.8523 2.1189 3.2357 3.6766 2.6662 2.8649 2.1952 3.2870 2.2715 2.5951 2.8362 2.3351 3.0655 2.2091 2.7794 1.9532 2.2220 2.4333 2.2889 1.8847 1.6972 2.3854 3.3633 3.1889 3.2772 2.9728 1.9681 2.7201 2.3838 1.9836 2.3928 2.8900 3.0175 2.7458 2.2714 2.8925 3.8073 2.8174 2.7768 2.7675 2.4892 3.9876 2.8440 1.3579 2.0986 0.7764 1.4774 1.2263 0.0000 3.0770 0.4344 1.1168 0.7769 1.6768 1.5821 1.2261 2.2294 2.0986 1.5796 1.3906 0.8016 0.4642 2.0739 1.0285 2.3466 0.2224 1.9278 1.1409 0.6804 2.0497 2.0259 1.3986 0.8883 0.5301 0.8183 1.3988 1.7963 1.6848 0.5117 1.4870 1.4561 2.1512 1.2749 1.2067 1.5504 2.0986 0.9550 1.1570 1.5155 1.8591 1.5974 1.6563 2.0259
3.2451 3.2169 3.3170 3.1284 3.2554 3.0007 3.2169 3.1449 3.2190 3.1519 3.1823 3.0543 3.2400 3.5234 3.5147 3.3192 3.3571 3.2250 3.0149 3.1731 2.9694 3.1391 3.6243 2.8925 2.7884 3.0326 3.0117 3.1549 3.2371 3.0407 3.0359 3.1090 3.2779 3.3707 3.1519 3.4101 3.3430 3.1519 3.3139 3.1452 3.3175 3.2892 3.3205 2.9896 2.8011 3.1965 3.1062 3.2248 3.1803 3.2294 2.1282 1.5503 2.0237 0.7447 1.6047 0.8448 1.4835 1.2749 1.7148 0.6527 1.1368 1.0507 1.2223 1.2225 1.0627 1.8248 0.7808 1.0459 1.3069 0.9185 1.1109 1.2481 1.4121 1.2359 1.5199 1.7175 1.9074 1.8254 1.1195 1.2289 0.9189 1.0234 1.0254 1.1588 0.6366 1.2726 1.8236 1.4123 0.8416 0.7399 0.7000 1.2344 0.9933 1.2765 0.7617 0.9240 0.8737 1.3263 1.5325 0.8737 1.9259 0.9868 2.3859 1.6057 1.8704 3.0770 0.0000 2.7017 2.0025 2.6259 1.6729 1.5745 2.0040 0.8724 1.0956 1.6443 1.7349 3.2686 3.3017 1.1424 2.1749 0.7725 3.1963 1.4123 2.0113 2.5138 1.3108 1.2425 1.6865 2.4379 2.7033 3.3045 1.6936 1.4414 1.4561 2.9772 1.7266 1.6621 1.1406 2.0808 1.9766 2.0526 0.9868 2.1660 2.0475 1.8678 1.4223 1.6620 1.5701 1.1030
5.0995 5.1371 5.2740 5.1220 5.1205 4.7613 5.2028 5.0263 5.2672 5.0572 4.9605 4.9822 5.1700 5.5669 5.2104 4.9435 5.1376 5.0902 4.7257 5.0046 4.7683 4.9933 5.5720 4.7950 4.7181 4.9336 4.9167 4.9888 5.0804 5.0070 4.9806 4.9368 5.0198 5.0629 5.0572 5.3008 5.1318 5.0572 5.3541 5.0061 5.2018 5.3197 5.3544 4.9040 4.6308 5.1507 4.9228 5.2104 4.9759 5.1169 1.6152 1.8772 1.4166 2.6371 1.7601 2.1583 1.7289 3.4611 1.7524 2.8503 3.2822 2.2915 2.4782 1.8057 2.9131 1.9262 2.2086 2.4409 1.9603 2.6751 1.8317 2.4113 1.5653 1.8213 2.0688 1.9369 1.5276 1.3416 2.0047 2.9846 2.7989 2.8863 2.5924 1.5796 2.3343 2.0134 1.6320 2.0165 2.5033 2.6298 2.3473 1.8858 2.5085 3.4170 2.4276 2.3854 2.3800 2.1146 3.6086 2.4591 1.1277 1.7226 0.4642 1.1033 0.8887 0.4344 2.7017 0.0000 0.7399 0.8858 1.3152 1.2023 0.8729 1.8532 1.7457 1.2344 1.0083 0.9729 0.7560 1.6826 0.7560 1.9718 0.5155 1.5539 0.8057 0.3803 1.6759 1.6477 1.0323 0.5130 0.2224 0.9844 1.0437 1.4020 1.2931 0.5828 1.1897 1.0769 1.7729 0.9390 0.9217 1.2440 1.7226 0.6986 0.9432 1.1871 1.4831 1.2280 1.3219 1.6477
4.5529 4.5667 4.6961 4.5320 4.5713 4.2471 4.6190 4.4688 4.6649 4.4892 4.4400 4.4101 4.5960 4.9689 4.7257 4.4832 4.6231 4.5413 4.2264 4.4677 4.2348 4.4492 5.0037 4.2307 4.1409 4.3660 4.3528 4.4476 4.5369 4.4230 4.4013 4.3999 4.5126 4.5776 4.4892 4.7428 4.6096 4.4892 4.7550 4.4552 4.6480 4.7200 4.7582 4.3397 4.0888 4.5716 4.3878 4.6243 4.4492 4.5582 1.2085 1.3740 0.9933 1.9741 1.2142 1.4961 1.2418 2.8008 1.2425 2.1762 2.6069 1.6822 1.8865 1.1876 2.3001 1.4461 1.5439 1.8333 1.3344 2.0435 1.2287 1.8371 0.9360 1.2142 1.5313 1.4316 1.0298 0.8609 1.3805 2.3916 2.1596 2.2573 1.9842 0.8887 1.6566 1.4853 1.1632 1.4327 1.8657 1.9734 1.6738 1.2873 1.8925 2.7615 1.7716 1.7584 1.7419 1.5451 2.9773 1.8237 0.9750 1.0263 0.6009 0.5143 0.5819 1.1168 2.0025 0.7399 0.0000 1.2223 0.8887 0.5440 0.5646 1.1498 1.0956 0.8527 0.5429 1.5861 1.3494 0.9687 0.7813 1.2796 1.2083 0.9287 0.8143 0.7808 1.0483 1.0228 0.4465 0.6366 0.7356 1.6069 0.5013 0.7725 0.6611 1.0849 1.0056 0.6463 1.1365 0.6804 0.7606 0.8845 1.0263 0.7775 0.9495 0.7753 0.8325 0.7094 1.0141 0.9933
5.0034 5.0446 5.1732 5.0292 5.0217 4.6463 5.0924 4.9346 5.1712 4.9793 4.8677 4.8927 5.0876 5.4673 5.0997 4.7984 5.0095 4.9830 4.6294 4.8945 4.6904 4.8750 5.4558 4.6795 4.6429 4.8510 4.8065 4.8980 4.9866 4.9184 4.8943 4.8265 4.9226 4.9477 4.9793 5.1990 5.0354 4.9793 5.2527 4.9155 5.0902 5.2308 5.2509 4.7715 4.5244 5.0464 4.8283 5.1125 4.8821 5.0221 1.6066 1.7834 1.4228 2.6255 1.7358 2.1335 1.6171 3.3976 1.7823 2.7461 3.2926 2.1738 2.5767 1.7914 2.7932 1.8657 2.1111 2.4579 2.0677 2.6599 1.6870 2.3412 1.6855 1.8930 2.0340 1.8829 1.6010 1.2974 1.9280 2.9367 2.7829 2.8781 2.5364 1.6116 2.2336 1.8721 1.5866 2.1229 2.4124 2.5830 2.3527 1.8423 2.4772 3.3670 2.3759 2.3299 2.3087 2.0726 3.5068 2.3878 0.9114 1.6738 0.6611 1.1548 0.8495 0.7769 2.6259 0.8858 1.2223 0.0000 1.1528 1.2534 0.8243 1.8333 1.6207 1.0310 1.0379 0.7218 1.1805 1.8948 0.5463 1.8625 0.9926 1.5225 0.6542 0.7417 1.5943 1.5352 1.0665 0.9906 0.9029 0.7953 1.0555 1.4799 1.5587 0.7041 0.9521 1.0615 1.6490 0.8238 0.7218 1.0507 1.6738 0.5241 0.6000 1.0254 1.5336 1.1221 1.1077 1.5544
3.8986 3.9276 4.0522 3.9006 3.9132 3.5588 3.9671 3.8229 4.0366 3.8622 3.7785 3.7711 3.9671 4.3359 4.0414 3.7561 3.9288 3.8784 3.5554 3.7921 3.5953 3.7709 4.3388 3.5680 3.5175 3.7347 3.6927 3.7963 3.8862 3.7923 3.7709 3.7347 3.8359 3.8816 3.8622 4.0922 3.9522 3.8622 4.1208 3.8085 3.9830 4.0919 4.1206 3.6598 3.4149 3.9254 3.7245 3.9863 3.7877 3.9118 0.7399 0.6993 0.5828 1.5041 0.6797 1.0431 0.5155 2.2532 0.7916 1.6218 2.1686 1.0254 1.5119 0.7186 1.6478 0.8282 1.0254 1.3514 1.1101 1.5225 0.6308 1.2169 0.7851 0.8896 0.9594 0.8282 0.6938 0.3530 0.7900 1.7992 1.6433 1.7387 1.3939 0.6797 1.1888 0.7447 0.5828 1.1248 1.2765 1.4450 1.2747 0.7447 1.3392 2.2197 1.2442 1.2076 1.1723 0.9687 2.3560 1.2427 0.9521 0.7769 0.9033 0.5518 0.7107 1.6768 1.6729 1.3152 0.8887 1.1528 0.0000 0.5130 0.4642 0.9495 0.7780 0.3302 0.4309 1.8220 1.9834 1.0775 0.6746 0.9287 1.8057 0.5301 0.6091 1.0260 0.5013 0.4448 0.5759 0.9118 1.2151 1.7277 0.5828 0.5819 0.8532 1.4032 0.5896 0.4198 0.5518 0.4531 0.5828 0.4514 0.7769 0.8272 0.7047 0.3530 0.7067 0.2080 0.4465 0.6145
4.0604 4.0743 4.1974 4.0347 4.0757 3.7506 4.1132 3.9764 4.1648 4.0030 3.9533 3.9150 4.1070 4.4682 4.2404 3.9896 4.1233 4.0438 3.7427 3.9684 3.7542 3.9460 4.4976 3.7280 3.6507 3.8784 3.8511 3.9584 4.0474 3.9280 3.9089 3.9059 4.0244 4.0884 4.0030 4.2488 4.1243 4.0030 4.2532 3.9648 4.1476 4.2175 4.2550 3.8283 3.5884 4.0724 3.8951 4.1250 3.9604 4.0654 0.8802 0.8883 0.6818 1.4745 0.7423 1.0234 0.7719 2.2977 0.8316 1.6627 2.1289 1.1565 1.4604 0.7218 1.7810 0.9813 1.0370 1.3878 0.8917 1.5572 0.7218 1.3464 0.5155 0.8373 1.0697 0.9615 0.6804 0.4465 0.8653 1.9042 1.6683 1.7738 1.4893 0.4626 1.1703 0.9817 0.7186 1.0033 1.3541 1.4659 1.2169 0.8052 1.4022 2.2596 1.2722 1.2691 1.2381 1.0720 2.4598 1.3177 0.9189 0.6073 0.8406 0.3332 0.5646 1.5821 1.5745 1.2023 0.5440 1.2534 0.5130 0.0000 0.4747 0.7237 0.7047 0.5739 0.3332 1.8468 1.8526 0.6542 0.7230 0.8330 1.7035 0.4041 0.6804 0.9936 0.5130 0.4919 0.3302 0.8841 1.1480 1.8209 0.3803 0.4198 0.5646 1.4095 0.7916 0.4179 0.6009 0.5828 0.6240 0.6391 0.6073 0.7769 0.8057 0.4919 0.3302 0.3107 0.7465 0.5440
4.3235 4.3557 4.4850 4.3358 4.3414 3.9845 4.4048 4.2498 4.4748 4.2883 4.1973 4.2029 4.3955 4.7741 4.4541 4.1791 4.3528 4.3051 3.9695 4.2220 4.0112 4.2015 4.7746 3.9981 3.9489 4.1604 4.1238 4.2187 4.3078 4.2255 4.2017 4.1548 4.2622 4.3036 4.2883 4.5177 4.3668 4.2883 4.5592 4.2328 4.4119 4.5214 4.5594 4.0946 3.8484 4.3577 4.1525 4.4215 4.2092 4.3381 0.9550 1.0880 0.7571 1.8592 0.9933 1.4180 0.9240 2.6709 1.0772 2.0458 2.5284 1.4647 1.7894 1.0624 2.0878 1.1878 1.4332 1.7215 1.2481 1.9083 1.0345 1.6183 0.8802 1.1677 1.3210 1.1893 0.8854 0.5749 1.2002 2.2054 2.0268 2.1235 1.8021 0.8996 1.5821 1.1937 0.9004 1.3221 1.7082 1.8380 1.6288 1.1227 1.7289 2.6282 1.6465 1.6207 1.5928 1.3494 2.7877 1.6625 0.6986 1.0320 0.4498 0.5360 0.3803 1.2261 2.0040 0.8729 0.5646 0.8243 0.4642 0.4747 0.0000 1.1652 1.0320 0.4448 0.3780 1.4374 1.5248 1.1093 0.2924 1.2500 1.3510 0.7337 0.3302 0.6073 0.8406 0.8368 0.4179 0.6000 0.7652 1.3703 0.4198 0.7447 0.9090 0.9841 0.6009 0.4514 0.9590 0.1442 0.3107 0.4198 1.0320 0.4309 0.4642 0.3302 0.7262 0.3803 0.6611 0.9360
3.7728 3.7592 3.8670 3.6903 3.7835 3.4981 3.7711 3.6786 3.7972 3.6953 3.6953 3.5984 3.7884 4.1025 4.0017 3.7758 3.8602 3.7512 3.5047 3.6890 3.4905 3.6572 4.1697 3.4211 3.3347 3.5727 3.5429 3.6799 3.7643 3.5954 3.5851 3.6273 3.7787 3.8577 3.6953 3.9449 3.8596 3.6953 3.8887 3.6755 3.8465 3.8553 3.8935 3.5140 3.3111 3.7426 3.6228 3.7835 3.6962 3.7644 1.4066 0.9782 1.2745 1.1077 0.8996 0.7910 0.9356 1.8591 1.0627 1.1888 1.6919 0.9166 1.2712 0.7186 1.4662 1.1812 0.7218 1.2023 0.7380 1.2726 0.7160 1.1277 0.6993 0.8573 1.0301 1.0875 1.1652 1.0483 0.6986 1.6357 1.3510 1.4745 1.2280 0.4642 0.7380 0.9813 1.1101 0.9217 1.0621 1.1055 0.9033 0.7769 1.1483 1.8434 0.9524 1.0474 0.9722 0.9565 2.0758 1.0320 1.2283 0.2224 1.5325 0.7958 1.0498 2.2294 0.8724 1.8532 1.1498 1.8333 0.9495 0.7237 1.1652 0.0000 0.4531 0.9045 0.9166 2.4727 2.4600 0.5636 1.3464 0.3072 2.3477 0.6153 1.2289 1.6782 0.5518 0.5828 0.8373 1.5974 1.8442 2.4981 0.8406 0.7173 0.7921 2.1166 1.0700 0.8845 0.5518 1.2618 1.1437 1.2540 0.2224 1.3444 1.2557 1.0507 0.6009 0.8640 0.9813 0.5217
3.9576 3.9587 4.0598 3.8943 3.9648 3.6518 3.9549 3.8716 4.0010 3.9057 3.8730 3.7969 3.9964 4.3008 4.1543 3.8876 4.0056 3.9279 3.6733 3.8543 3.6897 3.8197 4.3411 3.5994 3.5472 3.7808 3.7230 3.8678 3.9522 3.8011 3.7926 3.8015 3.9416 4.0015 3.9057 4.1319 4.0390 3.9057 4.0871 3.8678 4.0205 4.0505 4.0882 3.6732 3.4791 3.9348 3.7999 3.9810 3.8744 3.9566 1.4188 1.0700 1.2796 1.4118 1.0618 1.1568 0.9383 2.1081 1.2534 1.4334 1.9886 1.1363 1.6260 1.0298 1.6768 1.2804 0.9868 1.5529 1.0700 1.5821 0.6753 1.3906 0.9615 1.2207 1.2724 1.2305 1.2656 1.0263 0.9844 1.8991 1.6491 1.7736 1.5121 0.8047 1.0056 0.9837 1.1570 1.2438 1.3289 1.3952 1.2818 1.0507 1.4529 2.0964 1.2742 1.3510 1.2728 1.2403 2.2784 1.3261 0.9933 0.5013 1.4000 0.7758 0.8887 2.0986 1.0956 1.7457 1.0956 1.6207 0.7780 0.7047 1.0320 0.4531 0.0000 0.6611 0.8577 2.2871 2.3331 0.9844 1.1725 0.4309 2.2253 0.7047 1.0313 1.5540 0.6746 0.6374 0.7166 1.5336 1.7348 2.3222 0.7041 0.9488 1.0507 1.9889 0.7753 0.8057 0.6374 1.1219 0.9586 1.1077 0.5013 1.1640 1.0231 0.9041 0.6527 0.7465 0.6753 0.6082
4.1370 4.1595 4.2758 4.1206 4.1483 3.7997 4.1824 4.0592 4.2471 4.0995 4.0260 4.0004 4.1997 4.5469 4.2892 3.9959 4.1641 4.1123 3.8079 4.0266 3.8468 4.0011 4.5575 3.7957 3.7484 3.9720 3.9206 4.0390 4.1275 4.0172 4.0002 3.9736 4.0812 4.1273 4.0995 4.3254 4.1987 4.0995 4.3315 4.0481 4.2129 4.3015 4.3314 3.8784 3.6487 4.1490 3.9648 4.2061 4.0328 4.1471 1.0510 1.0079 0.8887 1.6697 0.9726 1.2427 0.8247 2.4150 1.1128 1.7464 2.3209 1.2549 1.7607 0.9997 1.8617 1.1411 1.1558 1.6218 1.2666 1.7465 0.7211 1.4870 0.9726 1.1788 1.2656 1.1381 0.9940 0.6527 1.0370 2.0478 1.8512 1.9604 1.6406 0.8143 1.2666 0.9750 0.9110 1.3497 1.4809 1.6222 1.4431 1.0345 1.5821 2.3911 1.4371 1.4443 1.3926 1.2672 2.5425 1.4636 0.7067 0.7447 0.8316 0.5646 0.5130 1.5796 1.6443 1.2344 0.8527 1.0310 0.3302 0.5739 0.4448 0.9045 0.6611 0.0000 0.5217 1.7278 1.8671 1.1703 0.5739 0.8737 1.7136 0.6804 0.4642 0.9933 0.6854 0.6073 0.4626 0.9960 1.1793 1.7041 0.4514 0.8363 0.9997 1.3954 0.3332 0.5117 0.6854 0.5130 0.3826 0.5117 0.7447 0.6542 0.4642 0.3302 0.7577 0.3332 0.2571 0.6431
4.2337 4.2564 4.3799 4.2163 4.2471 3.9078 4.2948 4.1512 4.3494 4.1795 4.1168 4.0895 4.2863 4.6531 4.3959 4.1213 4.2889 4.2203 3.8989 4.1336 3.9227 4.1180 4.6768 3.9114 3.8197 4.0573 4.0311 4.1295 4.2224 4.1066 4.0882 4.0844 4.1686 4.2311 4.1795 4.4308 4.2964 4.1795 4.4386 4.1390 4.3261 4.4107 4.4387 4.0114 3.7481 4.2582 4.0549 4.3068 4.1246 4.2436 0.8917 1.0119 0.6753 1.6919 0.9142 1.1805 0.8218 2.4918 0.9495 1.8551 2.3445 1.3463 1.6539 0.8622 1.9759 1.1198 1.2064 1.5363 1.1613 1.7427 0.8277 1.5286 0.7218 0.9283 1.2287 1.1176 0.7617 0.5117 1.0486 2.0868 1.8636 1.9626 1.6729 0.6073 1.3310 1.0618 0.8183 1.2180 1.5323 1.6661 1.3770 0.9499 1.5871 2.4595 1.4546 1.4301 1.4153 1.2344 2.6607 1.5021 0.7953 0.7577 0.6746 0.2154 0.4498 1.3906 1.7349 1.0083 0.5429 1.0379 0.4309 0.3332 0.3780 0.9166 0.8577 0.5217 0.0000 1.5916 1.6704 0.9240 0.5896 0.9868 1.5142 0.6308 0.4121 0.7808 0.7230 0.6542 0.3332 0.7230 0.9844 1.5865 0.4198 0.4747 0.5779 1.2742 0.6611 0.1260 0.7764 0.4531 0.6091 0.6333 0.7577 0.6073 0.7281 0.5429 0.6374 0.3271 0.6009 0.6542
5.5879 5.6393 5.7758 5.6330 5.6101 5.2293 5.7041 5.5217 5.7844 5.5631 5.4376 5.4860 5.6778 6.0794 5.6592 5.3677 5.5984 5.5757 5.1908 5.4853 5.2564 5.4739 6.0641 5.2850 5.2299 5.4384 5.4087 5.4766 5.5674 5.5164 5.4890 5.4138 5.4906 5.5133 5.5631 5.7917 5.6056 5.5631 5.8666 5.4986 5.6881 5.8526 5.8638 5.3885 5.1172 5.6529 5.4087 5.7173 5.4562 5.6113 2.0855 2.3754 1.9157 3.2534 2.3104 2.7314 2.2297 4.0357 2.2926 3.4033 3.9151 2.8152 3.1217 2.3715 3.4344 2.4114 2.7486 3.0182 2.6430 3.2630 2.3496 2.9437 2.2318 2.4156 2.5952 2.4397 2.0878 1.8710 2.5526 3.5363 3.3945 3.4793 3.1462 2.1936 2.8712 2.5115 2.1316 2.6691 3.0394 3.2158 2.9450 2.4318 3.0818 4.0019 2.9980 2.9293 2.9273 2.6522 4.1555 3.0113 1.4796 2.3092 1.0746 1.6948 1.4373 0.8016 3.2686 0.9729 1.5861 0.7218 1.8220 1.8468 1.4374 2.4727 2.2871 1.7278 1.5916 0.0000 1.2021 2.4253 1.2002 2.5251 1.0027 2.1524 1.2858 0.9078 2.2439 2.1900 1.6545 1.1652 1.0829 0.3503 1.6544 2.0151 1.9719 0.9000 1.6066 1.6302 2.3113 1.4507 1.3894 1.7045 2.3092 1.1339 1.2911 1.6971 2.1459 1.7782 1.7797 2.1900
5.7884 5.8251 5.9636 5.8151 5.8119 5.4495 5.8933 5.7177 5.9590 5.7508 5.6485 5.6778 5.8624 6.2584 5.8873 5.6269 5.8171 5.7758 5.4099 5.6956 5.4575 5.6798 6.2610 5.4777 5.4193 5.6240 5.6033 5.6782 5.7667 5.7017 5.6738 5.6147 5.7196 5.7527 5.7508 5.9847 5.8113 5.7508 6.0448 5.6961 5.8870 6.0038 6.0462 5.5849 5.3270 5.8366 5.6193 5.9025 5.6658 5.8054 2.2854 2.5586 2.0915 3.3039 2.4337 2.8369 2.4146 4.1372 2.4399 3.5130 3.9451 2.9659 3.1603 2.4933 3.5889 2.5952 2.8709 3.1417 2.6098 3.3617 2.4898 3.0896 2.2412 2.5242 2.7501 2.6085 2.2054 2.0115 2.6813 3.6717 3.4808 3.5732 3.2770 2.2300 2.9839 2.6958 2.3074 2.6868 3.1839 3.3031 3.0222 2.5741 3.1938 4.0929 3.1053 3.0751 3.0620 2.8011 4.2840 3.1400 1.5638 2.3365 1.0880 1.7205 1.4619 0.4642 3.3017 0.7560 1.3494 1.1805 1.9834 1.8526 1.5248 2.4600 2.3331 1.8671 1.6704 1.2021 0.0000 2.3113 1.3492 2.5861 0.3503 2.2152 1.4548 1.0612 2.3373 2.3074 1.6399 1.2305 0.8486 1.2359 1.6390 2.0875 1.9149 0.8320 1.7602 1.7315 2.4308 1.5900 1.4923 1.8633 2.3365 1.2483 1.4548 1.8148 2.1303 1.8882 1.9365 2.2800
3.7272 3.7010 3.8269 3.6479 3.7467 3.4869 3.7529 3.6292 3.7632 3.6261 3.6509 3.5558 3.7239 4.0714 3.9771 3.8002 3.8510 3.7159 3.4702 3.6699 3.4222 3.6420 4.1541 3.3911 3.2848 3.5038 3.5132 3.6287 3.7107 3.5489 3.5292 3.5869 3.7560 3.8480 3.6261 3.8945 3.8069 3.6261 3.8588 3.6223 3.8162 3.8203 3.8697 3.5096 3.3003 3.6993 3.5915 3.7467 3.6541 3.7129 1.2658 1.0594 1.1342 1.0428 0.7399 0.7218 1.1149 1.8544 0.8577 1.2534 1.6519 1.0083 1.0400 0.7192 1.4673 1.0883 0.8883 0.9956 0.5104 1.1411 1.0119 1.0700 0.3803 0.6471 0.9118 0.9813 0.9033 0.9521 0.7764 1.5313 1.2440 1.3490 1.1424 0.5027 0.9484 1.2285 1.0320 0.6316 1.0950 1.0507 0.7560 0.8330 1.0320 1.8210 0.8917 1.0254 0.9619 0.8887 2.0661 0.9933 1.4975 0.5828 1.4074 0.8495 1.1427 2.0739 1.1424 1.6826 0.9687 1.8948 1.0775 0.6542 1.1093 0.5636 0.9844 1.1703 0.9240 2.4253 2.3113 0.0000 1.3722 0.7405 2.1664 0.5646 1.3071 1.5543 0.6374 0.8148 0.8929 1.4015 1.6330 2.4000 0.9432 0.6249 0.6558 1.9370 1.3925 0.9813 0.8178 1.2023 1.2635 1.2538 0.5828 1.4015 1.4450 1.1120 0.4905 0.9166 1.3223 0.8148
4.5569 4.5912 4.7191 4.5712 4.5739 4.2092 4.6367 4.4850 4.7090 4.5264 4.4285 4.4387 4.6327 5.0076 4.6758 4.3865 4.5751 4.5366 4.1973 4.4503 4.2478 4.4294 5.0042 4.2296 4.1870 4.3977 4.3559 4.4528 4.5418 4.4619 4.4386 4.3852 4.4877 4.5227 4.5264 4.7511 4.5981 4.5264 4.7926 4.4679 4.6427 4.7583 4.7924 4.3218 4.0772 4.5912 4.3835 4.6560 4.4407 4.5729 1.2005 1.3323 1.0083 2.1094 1.2538 1.6534 1.1598 2.9057 1.3361 2.2636 2.7777 1.6979 2.0676 1.3139 2.3199 1.4318 1.6442 1.9789 1.5302 2.1616 1.2285 1.8652 1.1654 1.4272 1.5735 1.4360 1.1505 0.8316 1.4416 2.4546 2.2794 2.3783 2.0503 1.1221 1.7782 1.4108 1.1500 1.6060 1.9400 2.0801 1.8651 1.3715 1.9824 2.8687 1.8849 1.8607 1.8302 1.6023 3.0215 1.9027 0.6316 1.2018 0.3175 0.7173 0.4198 1.0285 2.1749 0.7560 0.7813 0.5463 0.6746 0.7230 0.2924 1.3464 1.1725 0.5739 0.5896 1.2002 1.3492 1.3722 0.0000 1.4095 1.1703 0.9926 0.2571 0.5636 1.0804 1.0498 0.5828 0.7237 0.6818 1.1662 0.5759 1.0027 1.1339 0.8359 0.6091 0.6374 1.1674 0.3302 0.2224 0.6009 1.2018 0.2080 0.2571 0.5205 0.9885 0.6073 0.7230 1.1049
3.6637 3.6607 3.7629 3.5873 3.6701 3.3680 3.6594 3.5718 3.6947 3.5968 3.5797 3.4897 3.6903 3.9987 3.8758 3.6215 3.7347 3.6407 3.3820 3.5659 3.3861 3.5371 4.0547 3.3139 3.2256 3.4758 3.4332 3.5711 3.6590 3.4915 3.4845 3.5203 3.6449 3.7194 3.5968 3.8432 3.7523 3.5968 3.7850 3.5694 3.7356 3.7569 3.7863 3.3982 3.1821 3.6420 3.5005 3.6784 3.5802 3.6605 1.4474 0.9146 1.3293 1.0621 0.9586 0.7417 0.8143 1.7655 1.1109 1.0860 1.6475 0.7953 1.2618 0.7047 1.3646 1.1932 0.5819 1.1500 0.8532 1.2064 0.4642 1.0618 0.7910 0.8640 1.0234 1.1049 1.2483 1.1098 0.6333 1.5540 1.2856 1.4083 1.1500 0.5155 0.5896 0.7417 1.1424 0.9782 0.9521 1.0323 0.8645 0.7218 1.0792 1.7584 0.8824 0.9524 0.8828 0.9189 1.9781 0.9495 1.2438 0.2621 1.6367 0.8858 1.1381 2.3466 0.7725 1.9718 1.2796 1.8625 0.9287 0.8330 1.2500 0.3072 0.4309 0.8737 0.9868 2.5251 2.5861 0.7405 1.4095 0.0000 2.4713 0.7061 1.2534 1.7651 0.6082 0.5205 0.9495 1.6982 1.9627 2.5480 0.9521 0.7808 0.8845 2.2256 0.9885 0.9138 0.4327 1.3295 1.2085 1.3121 0.2621 1.4126 1.2792 1.1168 0.7192 0.9142 0.8359 0.3708
5.5681 5.6112 5.7525 5.6068 5.5924 5.2244 5.6856 5.4996 5.7554 5.5336 5.4213 5.4635 5.6476 6.0531 5.6545 5.3924 5.5941 5.5582 5.1790 5.4748 5.2319 5.4627 6.0489 5.2666 5.2052 5.4081 5.3906 5.4559 5.5456 5.4909 5.4614 5.3957 5.4880 5.5190 5.5336 5.7685 5.5858 5.5336 5.8406 5.4763 5.6712 5.8016 5.8412 5.3765 5.1078 5.6272 5.3954 5.6935 5.4400 5.5883 2.0506 2.3534 1.8659 3.1346 2.2316 2.6680 2.2195 3.9647 2.2197 3.3559 3.7789 2.7845 2.9553 2.3092 3.4027 2.3758 2.7163 2.9409 2.4309 3.1738 2.3370 2.8894 2.0589 2.3275 2.5389 2.3941 1.9835 1.8119 2.5033 3.4698 3.2967 3.3828 3.0837 2.0858 2.8417 2.5115 2.0917 2.4868 3.0069 3.1312 2.8576 2.3859 3.0023 3.9173 2.9330 2.8903 2.8833 2.5984 4.1013 2.9594 1.4943 2.2211 0.9033 1.5984 1.3523 0.2224 3.1963 0.5155 1.2083 0.9926 1.8057 1.7035 1.3510 2.3477 2.2253 1.7136 1.5142 1.0027 0.3503 2.1664 1.1703 2.4713 0.0000 2.0476 1.2858 0.8143 2.1717 2.1504 1.5225 0.9747 0.6249 1.0115 1.5235 1.9097 1.7812 0.6308 1.6330 1.5821 2.2759 1.3988 1.3429 1.6705 2.2211 1.1003 1.3104 1.6399 1.9734 1.7225 1.7982 2.1504
3.6646 3.6777 3.8023 3.6437 3.6815 3.3611 3.7207 3.5815 3.7760 3.6095 3.5603 3.5237 3.7130 4.0779 3.8501 3.6134 3.7291 3.6466 3.3528 3.5762 3.3601 3.5510 4.1027 3.3295 3.2653 3.4831 3.4544 3.5633 3.6504 3.5371 3.5162 3.5067 3.6416 3.7050 3.6095 3.8501 3.7271 3.6095 3.8628 3.5693 3.7501 3.8242 3.8650 3.4306 3.2011 3.6755 3.5059 3.7327 3.5674 3.6688 0.8143 0.6009 0.6746 1.1266 0.3979 0.7405 0.6145 1.9469 0.5718 1.3379 1.7963 0.7725 1.1168 0.4448 1.3878 0.6818 0.7725 1.0474 0.6009 1.1921 0.5749 0.9521 0.3271 0.6153 0.7047 0.6240 0.5759 0.4531 0.5013 1.5144 1.3031 1.4059 1.1027 0.3503 0.9462 0.7617 0.5463 0.6797 1.0023 1.1117 0.9488 0.5013 1.0231 1.9009 0.9326 0.9291 0.8845 0.7047 2.0753 0.9488 1.2364 0.5117 1.1613 0.7054 0.9390 1.9278 1.4123 1.5539 0.9287 1.5225 0.5301 0.4041 0.7337 0.6153 0.7047 0.6804 0.6308 2.1524 2.2152 0.5646 0.9926 0.7061 2.0476 0.0000 0.9356 1.2976 0.1442 0.3271 0.7192 1.1429 1.4520 2.0653 0.7423 0.3302 0.7465 1.6660 0.9662 0.6550 0.3803 0.7560 0.8824 0.7447 0.5117 1.1120 1.0431 0.6240 0.2154 0.4121 0.8406 0.4626
4.4892 4.5180 4.6423 4.4850 4.5030 4.1471 4.5565 4.4116 4.6198 4.4467 4.3657 4.3558 4.5532 4.9213 4.6269 4.3327 4.5227 4.4721 4.1400 4.3820 4.1804 4.3649 4.9320 4.1639 4.0934 4.3218 4.2863 4.3852 4.4771 4.3757 4.3559 4.3303 4.4136 4.4618 4.4467 4.6860 4.5433 4.4467 4.7062 4.3976 4.5779 4.6824 4.7058 4.2583 4.0001 4.5180 4.3089 4.5729 4.3753 4.5025 1.1109 1.2540 0.9061 2.0127 1.1888 1.4985 1.0594 2.7899 1.2403 2.1375 2.6726 1.6044 1.9931 1.1752 2.2352 1.3658 1.4891 1.8539 1.5037 2.0547 1.0826 1.7932 1.0925 1.2745 1.4958 1.3694 1.0621 0.7571 1.3297 2.3706 2.1769 2.2759 1.9580 0.9655 1.6093 1.3000 1.0697 1.5568 1.8137 1.9717 1.7096 1.2422 1.8865 2.7619 1.7581 1.7248 1.7044 1.5103 2.9353 1.7898 0.5372 1.0534 0.4626 0.5383 0.3332 1.1409 2.0113 0.8057 0.8143 0.6542 0.6091 0.6804 0.3302 1.2289 1.0313 0.4642 0.4121 1.2858 1.4548 1.3071 0.2571 1.2534 1.2858 0.9356 0.0000 0.5646 1.0020 0.9213 0.5348 0.6527 0.8143 1.3000 0.5360 0.8532 0.9666 1.0320 0.4531 0.4121 1.0403 0.3503 0.3302 0.6214 1.0534 0.2621 0.4000 0.5429 0.9750 0.5440 0.5440 0.9213
4.8019 4.8432 4.9805 4.8317 4.8223 4.4551 4.9090 4.7308 4.9787 4.7652 4.6597 4.6892 4.8781 5.2771 4.9041 4.6256 4.8309 4.7914 4.4221 4.7023 4.4721 4.6914 5.2745 4.4974 4.4285 4.6406 4.6196 4.6913 4.7833 4.7163 4.6891 4.6371 4.7142 4.7526 4.7652 5.0045 4.8326 4.7652 5.0642 4.7100 4.9031 5.0346 5.0641 4.6040 4.3293 4.8565 4.6223 4.9188 4.6755 4.8214 1.3140 1.5759 1.1149 2.3967 1.4702 1.9074 1.4318 3.2034 1.4600 2.5938 3.0550 2.0053 2.2400 1.5353 2.6242 1.6244 1.9580 2.1715 1.7546 2.4126 1.5774 2.1194 1.3444 1.5616 1.7734 1.6367 1.2429 1.0428 1.7277 2.7021 2.5415 2.6258 2.3112 1.3733 2.0986 1.7234 1.3295 1.7841 2.2299 2.3741 2.1135 1.6066 2.2358 3.1606 2.1671 2.1128 2.1074 1.8237 3.3306 2.1844 1.0238 1.5325 0.3332 0.9360 0.7507 0.6804 2.5138 0.3803 0.7808 0.7417 1.0260 0.9936 0.6073 1.6782 1.5540 0.9933 0.7808 0.9078 1.0612 1.5543 0.5636 1.7651 0.8143 1.2976 0.5646 0.0000 1.4081 1.3873 0.8737 0.2884 0.4198 0.8577 0.8896 1.1570 1.1876 0.6374 1.0056 0.8609 1.5131 0.6471 0.7405 0.9590 1.5325 0.5749 0.7916 0.9166 1.2751 0.9550 1.1049 1.4316
3.5588 3.5728 3.6941 3.5345 3.5737 3.2516 3.6086 3.4754 3.6651 3.5054 3.4559 3.4149 3.6080 3.9671 3.7455 3.5007 3.6206 3.5398 3.2488 3.4661 3.2590 3.4409 3.9911 3.2219 3.1563 3.3796 3.3459 3.4587 3.5467 3.4286 3.4095 3.4030 3.5316 3.5956 3.5054 3.7455 3.6256 3.5054 3.7518 3.4644 3.6423 3.7154 3.7531 3.3192 3.0886 3.5682 3.3969 3.6231 3.4619 3.5635 0.8622 0.5013 0.7356 1.0338 0.3958 0.6519 0.5130 1.8319 0.5828 1.2151 1.7041 0.6527 1.0766 0.4062 1.2745 0.6542 0.6527 0.9726 0.6463 1.0956 0.4498 0.8609 0.3826 0.6018 0.6374 0.5848 0.6542 0.5217 0.3979 1.4165 1.2051 1.3104 1.0033 0.3530 0.8311 0.6374 0.5646 0.6804 0.8845 1.0023 0.8577 0.4327 0.9283 1.7905 0.8233 0.8267 0.7758 0.6308 1.9603 0.8401 1.3000 0.4531 1.2796 0.8010 1.0320 2.0497 1.3108 1.6759 1.0483 1.5943 0.5013 0.5130 0.8406 0.5518 0.6746 0.6854 0.7230 2.2439 2.3373 0.6374 1.0804 0.6082 2.1717 0.1442 1.0020 1.4081 0.0000 0.2154 0.8178 1.2633 1.5776 2.1557 0.8359 0.3803 0.8363 1.7868 0.9813 0.7230 0.2520 0.8495 0.9583 0.8052 0.4531 1.2018 1.0975 0.6854 0.3332 0.4747 0.8228 0.3958
3.6367 3.6518 3.7682 3.6031 3.6473 3.3197 3.6764 3.5515 3.7298 3.5816 3.5326 3.4841 3.6837 4.0334 3.8208 3.5531 3.6956 3.6184 3.3238 3.5354 3.3403 3.5140 4.0617 3.3017 3.2191 3.4584 3.4221 3.5371 3.6283 3.4975 3.4824 3.4885 3.5902 3.6572 3.5816 3.8279 3.7107 3.5816 3.8182 3.5427 3.7202 3.7907 3.8184 3.3947 3.1500 3.6455 3.4634 3.6927 3.5372 3.6425 0.9318 0.5013 0.8143 1.1221 0.5013 0.6391 0.3708 1.8712 0.6527 1.2209 1.7744 0.7230 1.2060 0.4179 1.3477 0.7405 0.6000 1.0254 0.8453 1.1679 0.2571 0.9517 0.5429 0.6145 0.7173 0.6797 0.7465 0.6018 0.4531 1.5013 1.2818 1.3876 1.0829 0.3530 0.7571 0.5155 0.6316 0.8439 0.9134 1.0612 0.8532 0.4498 1.0119 1.8452 0.8527 0.8541 0.8108 0.7000 2.0269 0.8917 1.1956 0.3979 1.2656 0.7061 0.9499 2.0259 1.2425 1.6477 1.0228 1.5352 0.4448 0.4919 0.8368 0.5828 0.6374 0.6073 0.6542 2.1900 2.3074 0.8148 1.0498 0.5205 2.1504 0.3271 0.9213 1.3873 0.2154 0.0000 0.7399 1.2740 1.5786 2.1346 0.7617 0.3708 0.7780 1.8120 0.8577 0.6249 0.1260 0.8729 0.9189 0.8645 0.3979 1.1386 1.0317 0.7166 0.5130 0.4626 0.6804 0.2520
4.3706 4.3852 4.5036 4.3381 4.3830 4.0527 4.4135 4.2861 4.4639 4.3147 4.2637 4.2204 4.4173 4.7680 4.5466 4.2776 4.4268 4.3526 4.0513 4.2717 4.0695 4.2499 4.7992 4.0359 3.9541 4.1910 4.1577 4.2699 4.3602 4.2328 4.2168 4.2181 4.3240 4.3868 4.3147 4.5605 4.4385 4.3147 4.5529 4.2762 4.4551 4.5196 4.5538 4.1303 3.8878 4.3799 4.1994 4.4284 4.2697 4.3763 1.1058 1.1723 0.8925 1.7611 1.0677 1.2978 0.9933 2.5681 1.1500 1.9116 2.4014 1.4570 1.7870 1.0323 2.0820 1.2856 1.2738 1.7012 1.2099 1.8617 0.8996 1.6673 0.8373 1.1409 1.3942 1.2779 0.9722 0.6804 1.1725 2.2201 1.9682 2.0788 1.8028 0.6804 1.3671 1.2018 0.9997 1.3325 1.6395 1.7505 1.4727 1.1128 1.7155 2.5390 1.5562 1.5638 1.5326 1.3956 2.7501 1.6173 0.6333 0.7047 0.7230 0.3072 0.2621 1.3986 1.6865 1.0323 0.4465 1.0665 0.5759 0.3302 0.4179 0.8373 0.7166 0.4626 0.3332 1.6545 1.6399 0.8929 0.5828 0.9495 1.5225 0.7192 0.5348 0.8737 0.8178 0.7399 0.0000 0.8676 1.0425 1.6971 0.1000 0.6993 0.7230 1.3272 0.6249 0.3803 0.8486 0.5429 0.4327 0.6581 0.7047 0.5463 0.6009 0.4747 0.6316 0.4198 0.6214 0.6581
4.5997 4.6431 4.7842 4.6389 4.6228 4.2582 4.7180 4.5301 4.7897 4.5637 4.4551 4.4933 4.6782 5.0863 4.7000 4.4370 4.6325 4.5910 4.2173 4.5058 4.2646 4.4953 5.0804 4.3006 4.2349 4.4392 4.4230 4.4876 4.5787 4.5220 4.4923 4.4333 4.5178 4.5560 4.5637 4.8021 4.6246 4.5637 4.8745 4.5074 4.7041 4.8395 4.8746 4.4116 4.1373 4.6602 4.4243 4.7253 4.4723 4.6199 1.1066 1.3956 0.9118 2.2317 1.2765 1.7765 1.2779 3.0447 1.2540 2.4604 2.8857 1.8463 2.0237 1.3875 2.4537 1.4224 1.8463 1.9916 1.5481 2.2377 1.4756 1.9308 1.1657 1.3983 1.5761 1.4371 1.0260 0.8609 1.5777 2.5105 2.3665 2.4444 2.1322 1.2802 2.0025 1.5859 1.1339 1.5664 2.0829 2.2170 1.9819 1.4529 2.0570 2.9938 2.0203 1.9605 1.9573 1.6390 3.1569 2.0266 1.1429 1.4645 0.5027 0.9069 0.8238 0.8883 2.4379 0.5130 0.6366 0.9906 0.9118 0.8841 0.6000 1.5974 1.5336 0.9960 0.7230 1.1652 1.2305 1.4015 0.7237 1.6982 0.9747 1.1429 0.6527 0.2884 1.2633 1.2740 0.8676 0.0000 0.4121 1.0431 0.9061 1.0263 1.1216 0.7910 1.0950 0.8183 1.3986 0.6009 0.8645 0.8938 1.4645 0.7465 0.9590 0.8811 1.1168 0.8541 1.1373 1.3658
4.9494 4.9916 5.1331 4.9897 4.9742 4.6087 5.0669 4.8810 5.1392 4.9162 4.8056 4.8464 5.0297 5.4360 5.0447 4.7874 4.9772 4.9383 4.5660 4.8573 4.6153 4.8432 5.4292 4.6450 4.5914 4.7895 4.7701 4.8380 4.9269 4.8740 4.8437 4.7758 4.8772 4.9096 4.9162 5.1482 4.9692 4.9162 5.2234 4.8578 5.0509 5.1826 5.2241 4.7547 4.4918 5.0067 4.7798 5.0755 4.8237 4.9689 1.4418 1.7351 1.2481 2.5438 1.6093 2.0973 1.6169 3.3729 1.6010 2.7773 3.1959 2.1762 2.3483 1.7176 2.7881 1.7553 2.1544 2.3408 1.8276 2.5722 1.7797 2.2685 1.4659 1.7418 1.9174 1.7714 1.3641 1.1911 1.9042 2.8532 2.6963 2.7796 2.4710 1.5566 2.3001 1.9205 1.4702 1.8744 2.4134 2.5388 2.2972 1.7868 2.3933 3.3211 2.3458 2.2972 2.2887 1.9812 3.4897 2.3591 1.1871 1.7210 0.3708 1.1339 0.9248 0.5301 2.7033 0.2224 0.7356 0.9029 1.2151 1.1480 0.7652 1.8442 1.7348 1.1793 0.9844 1.0829 0.8486 1.6330 0.6818 1.9627 0.6249 1.4520 0.8143 0.4198 1.5776 1.5786 1.0425 0.4121 0.0000 1.0486 1.0483 1.3379 1.3490 0.4626 1.2158 1.0755 1.7043 0.7953 0.8527 1.0674 1.7210 0.7061 0.9078 1.0459 1.3906 1.1363 1.3297 1.6367
5.3463 5.4100 5.5555 5.4261 5.3743 4.9805 5.4949 5.2888 5.5874 5.3351 5.1814 5.2690 5.4532 5.8762 5.3799 5.0995 5.3412 5.3355 4.9240 5.2477 5.0046 5.2378 5.8406 5.0564 5.0240 5.2088 5.1819 5.2316 5.3201 5.3063 5.2723 5.1606 5.2441 5.2502 5.3351 5.5510 5.3407 5.3351 5.6657 5.2596 5.4511 5.6488 5.6626 5.1646 4.8934 5.4313 5.1723 5.5067 5.2055 5.3757 1.8246 2.1950 1.6919 3.1537 2.1327 2.6614 2.0952 3.9265 2.0878 3.3279 3.8170 2.6817 2.9541 2.2695 3.2770 2.1749 2.6991 2.8748 2.5195 3.1318 2.3096 2.7589 2.1395 2.3057 2.3933 2.2189 1.8798 1.7112 2.4425 3.3550 3.2671 3.3397 2.9899 2.1863 2.8488 2.4013 1.9228 2.5100 2.9314 3.1137 2.8871 2.3141 2.9366 3.8832 2.9040 2.8156 2.8176 2.4796 4.0038 2.8908 1.6399 2.3386 1.0477 1.7484 1.5154 0.8183 3.3045 0.9844 1.6069 0.7953 1.7277 1.8209 1.3703 2.4981 2.3222 1.7041 1.5865 0.3503 1.2359 2.4000 1.1662 2.5480 1.0115 2.0653 1.3000 0.8577 2.1557 2.1346 1.6971 1.0431 1.0486 0.0000 1.6979 1.9503 2.0237 0.8311 1.6793 1.6454 2.2555 1.3284 1.3833 1.5279 2.3386 1.1932 1.3240 1.5867 2.0830 1.7082 1.8175 2.2047
4.3904 4.4049 4.5223 4.3582 4.4028 4.0713 4.4310 4.3067 4.4829 4.3371 4.2845 4.2416 4.4387 4.7864 4.5650 4.2943 4.4424 4.3706 4.0720 4.2904 4.0923 4.2668 4.8157 4.0525 3.9783 4.2125 4.1754 4.2907 4.3801 4.2539 4.2381 4.2352 4.3464 4.4065 4.3371 4.5787 4.4577 4.3371 4.5711 4.2969 4.4723 4.5363 4.5720 4.1444 3.9079 4.3977 4.2209 4.4477 4.2905 4.3961 1.1500 1.2023 0.9428 1.7841 1.1036 1.3394 1.0231 2.5880 1.2023 1.9269 2.4241 1.4767 1.8276 1.0826 2.0986 1.3189 1.2994 1.7457 1.2381 1.8930 0.9146 1.6929 0.8938 1.2064 1.4305 1.3115 1.0285 0.7218 1.2025 2.2467 1.9963 2.1090 1.8302 0.7405 1.3894 1.2225 1.0403 1.3721 1.6660 1.7738 1.5132 1.1565 1.7457 2.5593 1.5855 1.5999 1.5628 1.4318 2.7646 1.6445 0.6009 0.7173 0.7237 0.4041 0.2571 1.3988 1.6936 1.0437 0.5013 1.0555 0.5828 0.3803 0.4198 0.8406 0.7041 0.4514 0.4198 1.6544 1.6390 0.9432 0.5759 0.9521 1.5235 0.7423 0.5360 0.8896 0.8359 0.7617 0.1000 0.9061 1.0483 1.6979 0.0000 0.7769 0.8178 1.3259 0.6082 0.4514 0.8653 0.5440 0.3958 0.6527 0.7173 0.5383 0.5646 0.4642 0.6471 0.4327 0.6153 0.6854
3.8011 3.8168 3.9414 3.7749 3.8158 3.4951 3.8599 3.7149 3.9086 3.7366 3.6917 3.6509 3.8435 4.2125 3.9868 3.7397 3.8767 3.7903 3.4829 3.7111 3.4883 3.6949 4.2459 3.4804 3.3783 3.6159 3.5990 3.6969 3.7890 3.6651 3.6462 3.6576 3.7546 3.8283 3.7366 3.9953 3.8692 3.7366 3.9987 3.7035 3.8961 3.9697 3.9998 3.5868 3.3270 3.8205 3.6292 3.8670 3.6983 3.8069 0.7786 0.6550 0.6308 1.2549 0.5104 0.7606 0.5749 2.0618 0.5440 1.4520 1.9065 0.9287 1.1932 0.4198 1.5504 0.7577 0.8277 1.0775 0.7565 1.2931 0.5667 1.1044 0.3271 0.4626 0.8052 0.7237 0.5348 0.4327 0.6249 1.6442 1.4156 1.5103 1.2344 0.3072 0.9841 0.7719 0.5372 0.7808 1.1077 1.2338 0.9619 0.5217 1.1424 2.0230 1.0263 0.9933 0.9844 0.8052 2.2294 1.0697 1.2285 0.5749 1.0766 0.5348 0.8887 1.7963 1.4414 1.4020 0.7725 1.4799 0.5819 0.4198 0.7447 0.7173 0.9488 0.8363 0.4747 2.0151 2.0875 0.6249 1.0027 0.7808 1.9097 0.3302 0.8532 1.1570 0.3803 0.3708 0.6993 1.0263 1.3379 1.9503 0.7769 0.0000 0.5217 1.6216 1.0228 0.4919 0.4465 0.7862 0.9813 0.9106 0.5749 1.0665 1.1200 0.8363 0.4514 0.5217 0.9110 0.4626
4.2643 4.2655 4.3829 4.2012 4.2753 3.9761 4.2964 4.1696 4.3224 4.1788 4.1664 4.0904 4.2826 4.6295 4.4761 4.2324 4.3629 4.2570 3.9673 4.1790 3.9558 4.1650 4.6942 3.9449 3.8050 4.0640 4.0584 4.1622 4.2554 4.0954 4.0827 4.1365 4.2213 4.3112 4.1788 4.4557 4.3477 4.1788 4.4176 4.1633 4.3603 4.3962 4.4202 4.0529 3.7886 4.2668 4.0908 4.2982 4.1696 4.2633 1.1874 1.1635 0.9936 1.6312 1.0238 1.1198 1.0285 2.4082 1.0486 1.7803 2.2153 1.4123 1.6166 0.9110 2.0127 1.2742 1.1500 1.5135 1.1179 1.7175 0.9283 1.6012 0.7067 0.9065 1.3108 1.2422 0.9521 0.8057 1.1079 2.1096 1.8255 1.9262 1.7041 0.5130 1.2025 1.2280 1.0231 1.2083 1.5276 1.6279 1.2498 1.0209 1.6045 2.3863 1.4213 1.4228 1.4155 1.3057 2.6497 1.5107 1.2042 0.6527 1.1277 0.4626 0.8653 1.6848 1.4561 1.2931 0.6611 1.5587 0.8532 0.5646 0.9090 0.7921 1.0507 0.9997 0.5779 1.9719 1.9149 0.6558 1.1339 0.8845 1.7812 0.7465 0.9666 1.1876 0.8363 0.7780 0.7230 1.1216 1.3490 2.0237 0.8178 0.5217 0.0000 1.7116 1.1498 0.6009 0.8622 0.9960 1.1027 1.1424 0.6527 1.0956 1.2366 1.0238 0.7047 0.7417 1.0772 0.6391
5.0760 5.1304 5.2760 5.1475 5.1043 4.7168 5.2132 5.0179 5.3017 5.0650 4.9202 4.9979 5.1784 5.5929 5.1270 4.8621 5.0703 5.0596 4.6677 4.9789 4.7427 4.9612 5.5604 4.7713 4.7593 4.9334 4.9011 4.9644 5.0498 5.0317 4.9970 4.8830 4.9992 5.0061 5.0650 5.2729 5.0739 5.0650 5.3808 4.9898 5.1726 5.3333 5.3809 4.8748 4.6266 5.1452 4.9114 5.2279 4.9429 5.1018 1.5638 1.8957 1.4015 2.7699 1.7782 2.3576 1.8027 3.5913 1.7870 3.0011 3.4329 2.3635 2.5654 1.9635 2.9582 1.8798 2.4026 2.5755 2.0404 2.7919 2.0134 2.4309 1.7223 2.0148 2.0824 1.9105 1.5415 1.3657 2.1195 3.0307 2.9146 2.9957 2.6621 1.8453 2.5599 2.1117 1.6207 2.0801 2.6333 2.7604 2.5691 2.0165 2.5970 3.5350 2.5787 2.5298 2.5125 2.1693 3.6648 2.5717 1.4061 1.9958 0.6145 1.4414 1.2064 0.5117 2.9772 0.5828 1.0849 0.7041 1.4032 1.4095 0.9841 2.1166 1.9889 1.3954 1.2742 0.9000 0.8320 1.9370 0.8359 2.2256 0.6308 1.6660 1.0320 0.6374 1.7868 1.8120 1.3272 0.7910 0.4626 0.8311 1.3259 1.6216 1.7116 0.0000 1.4316 1.3642 1.9341 0.9524 1.0407 1.1480 1.9958 0.9065 1.0320 1.2002 1.6216 1.3543 1.5580 1.9090
4.4219 4.4403 4.5510 4.3883 4.4300 4.0851 4.4524 4.3403 4.5098 4.3771 4.3147 4.2731 4.4763 4.8110 4.5816 4.2752 4.4540 4.3982 4.0988 4.3084 4.1349 4.2850 4.8332 4.0798 4.0140 4.2526 4.2021 4.3250 4.4152 4.2863 4.2736 4.2663 4.3579 4.4099 4.3771 4.6110 4.4925 4.3771 4.5959 4.3320 4.4974 4.5778 4.5950 4.1607 3.9245 4.4274 4.2440 4.4757 4.3195 4.4299 1.2765 1.2742 1.0956 1.9372 1.2500 1.4572 1.0749 2.6522 1.3541 1.9650 2.5686 1.5328 2.0484 1.2302 2.1399 1.4126 1.3512 1.8745 1.5590 2.0151 0.9283 1.7812 1.2167 1.3892 1.5402 1.4126 1.2283 0.8824 1.3030 2.3351 2.1210 2.2317 1.9228 1.0023 1.4183 1.2320 1.1570 1.6374 1.7228 1.8822 1.6485 1.2749 1.8625 2.6419 1.6823 1.6812 1.6406 1.5402 2.8118 1.7256 0.4041 0.8955 0.8573 0.6986 0.4448 1.4870 1.7266 1.1897 1.0056 0.9521 0.5896 0.7916 0.6009 1.0700 0.7753 0.3332 0.6611 1.6066 1.7602 1.3925 0.6091 0.9885 1.6330 0.9662 0.4531 1.0056 0.9813 0.8577 0.6249 1.0950 1.2158 1.6793 0.6082 1.0228 1.1498 1.4316 0.0000 0.6257 0.9356 0.6527 0.4498 0.7173 0.8955 0.5440 0.4062 0.5779 1.0228 0.5848 0.2154 0.7769
4.2224 4.2431 4.3638 4.1970 4.2337 3.8958 4.2755 4.1382 4.3272 4.1657 4.1077 4.0724 4.2714 4.6317 4.3890 4.1072 4.2789 4.2088 3.8915 4.1196 3.9148 4.1047 4.6597 3.8990 3.8001 4.0445 4.0173 4.1191 4.2129 4.0882 4.0718 4.0771 4.1532 4.2186 4.1657 4.4200 4.2904 4.1657 4.4172 4.1276 4.3137 4.3940 4.4172 3.9970 3.7311 4.2431 4.0403 4.2881 4.1143 4.2315 0.9256 1.0092 0.7166 1.6799 0.9221 1.1434 0.8088 2.4595 0.9546 1.8123 2.3262 1.3295 1.6727 0.8486 1.9578 1.1245 1.1548 1.5235 1.2083 1.7288 0.7769 1.5261 0.7719 0.9213 1.2300 1.1198 0.7926 0.5360 1.0320 2.0785 1.8496 1.9501 1.6621 0.5848 1.2658 1.0320 0.8272 1.2534 1.5010 1.6442 1.3391 0.9364 1.5784 2.4338 1.4257 1.4022 1.3878 1.2318 2.6391 1.4796 0.7813 0.7014 0.7577 0.2154 0.4531 1.4561 1.6621 1.0769 0.6463 1.0615 0.4198 0.4179 0.4514 0.8845 0.8057 0.5117 0.1260 1.6302 1.7315 0.9813 0.6374 0.9138 1.5821 0.6550 0.4121 0.8609 0.7230 0.6249 0.3803 0.8183 1.0755 1.6454 0.4514 0.4919 0.6009 1.3642 0.6257 0.0000 0.7417 0.5348 0.6249 0.6797 0.7014 0.6333 0.7281 0.5646 0.7000 0.3332 0.5440 0.5749
3.5371 3.5498 3.6637 3.4974 3.5467 3.2230 3.5697 3.4509 3.6215 3.4810 3.4367 3.3812 3.5816 3.9253 3.7268 3.4608 3.5976 3.5178 3.2302 3.4356 3.2449 3.4129 3.9564 3.1992 3.1168 3.3580 3.3194 3.4389 3.5297 3.3932 3.3794 3.3901 3.4950 3.5635 3.4810 3.7268 3.6145 3.4810 3.7101 3.4433 3.6184 3.6832 3.7102 3.2903 3.0500 3.5412 3.3651 3.5870 3.4403 3.5417 1.0238 0.5013 0.9118 1.0338 0.5518 0.5718 0.3979 1.7581 0.7047 1.1003 1.6761 0.6249 1.1538 0.4062 1.2425 0.7786 0.4905 0.9619 0.8311 1.0804 0.2080 0.8645 0.5646 0.6091 0.6804 0.7007 0.8359 0.7061 0.3803 1.4095 1.1897 1.2974 0.9933 0.3958 0.6463 0.4626 0.7192 0.8238 0.8103 0.9608 0.7769 0.4179 0.9283 1.7358 0.7560 0.7714 0.7173 0.6374 1.9156 0.7953 1.2856 0.3979 1.3906 0.8143 1.0594 2.1512 1.1406 1.7729 1.1365 1.6490 0.5518 0.6009 0.9590 0.5518 0.6374 0.6854 0.7764 2.3113 2.4308 0.8178 1.1674 0.4327 2.2759 0.3803 1.0403 1.5131 0.2520 0.1260 0.8486 1.3986 1.7043 2.2555 0.8653 0.4465 0.8622 1.9341 0.9356 0.7417 0.0000 0.9909 1.0234 0.9590 0.3979 1.2549 1.1298 0.8103 0.5440 0.5819 0.7447 0.3037
4.2498 4.2883 4.4213 4.2789 4.2698 3.9029 4.3449 4.1806 4.4224 4.2231 4.1167 4.1412 4.3314 4.7190 4.3622 4.0848 4.2676 4.2308 3.8832 4.1471 3.9346 4.1268 4.7077 3.9276 3.8935 4.0934 4.0549 4.1438 4.2321 4.1675 4.1407 4.0743 4.1838 4.2159 4.2231 4.4447 4.2834 4.2231 4.5046 4.1609 4.3388 4.4662 4.5046 4.0242 3.7789 4.2925 4.0798 4.3625 4.1309 4.2676 0.8828 1.0231 0.6986 1.8674 0.9356 1.4416 0.8845 2.6654 1.0193 2.0563 2.5396 1.4334 1.7687 1.0644 2.0447 1.1055 1.4648 1.7012 1.2635 1.8934 1.0755 1.5598 0.9178 1.1723 1.2549 1.1109 0.8373 0.5155 1.1893 2.1575 2.0151 2.1053 1.7651 0.9813 1.6288 1.1720 0.8277 1.3084 1.6993 1.8387 1.6629 1.1101 1.7018 2.6189 1.6511 1.6116 1.5842 1.2994 2.7533 1.6465 0.7958 1.1266 0.5117 0.6374 0.5066 1.2749 2.0808 0.9390 0.6804 0.8238 0.4531 0.5828 0.1442 1.2618 1.1219 0.5130 0.4531 1.4507 1.5900 1.2023 0.3302 1.3295 1.3988 0.7560 0.3503 0.6471 0.8495 0.8729 0.5429 0.6009 0.7953 1.3284 0.5440 0.7862 0.9960 0.9524 0.6527 0.5348 0.9909 0.0000 0.3503 0.3271 1.1266 0.5130 0.4747 0.2924 0.7958 0.4198 0.7230 1.0180
4.4630 4.4908 4.6129 4.4619 4.4777 4.1218 4.5248 4.3883 4.5933 4.4297 4.3442 4.3362 4.5325 4.8926 4.5993 4.3110 4.4850 4.4397 4.1198 4.3554 4.1638 4.3309 4.8961 4.1268 4.0854 4.3010 4.2532 4.3622 4.4503 4.3559 4.3358 4.2935 4.4048 4.4445 4.4297 4.6531 4.5135 4.4297 4.6773 4.3742 4.5427 4.6405 4.6773 4.2136 3.9810 4.4849 4.2924 4.5468 4.3538 4.4757 1.2067 1.2781 1.0260 1.9719 1.2083 1.5451 1.0950 2.7627 1.3276 2.1069 2.6328 1.5855 1.9926 1.2500 2.2015 1.3973 1.5025 1.9049 1.4283 2.0533 1.0746 1.7832 1.1058 1.3925 1.5274 1.3976 1.1548 0.8243 1.3409 2.3591 2.1616 2.2685 1.9517 1.0145 1.6208 1.3031 1.1339 1.5376 1.8209 1.9461 1.7445 1.3039 1.8831 2.7295 1.7620 1.7623 1.7194 1.5412 2.8879 1.7898 0.5155 1.0141 0.4919 0.6604 0.2924 1.2067 1.9766 0.9217 0.7606 0.7218 0.5828 0.6240 0.3107 1.1437 0.9586 0.3826 0.6091 1.3894 1.4923 1.2635 0.2224 1.2085 1.3429 0.8824 0.3302 0.7405 0.9583 0.9189 0.4327 0.8645 0.8527 1.3833 0.3958 0.9813 1.1027 1.0407 0.4498 0.6249 1.0234 0.3503 0.0000 0.5117 1.0141 0.3107 0.2154 0.4041 0.8532 0.5155 0.5440 0.9488
4.0374 4.0800 4.2131 4.0833 4.0595 3.6853 4.1378 3.9749 4.2274 4.0270 3.9041 3.9456 4.1323 4.5180 4.1338 3.8584 4.0334 4.0114 3.6686 3.9329 3.7317 3.9053 4.4893 3.7078 3.7161 3.8929 3.8399 3.9342 4.0177 3.9745 3.9450 3.8466 3.9836 3.9998 4.0270 4.2254 4.0604 4.0270 4.3045 3.9531 4.1173 4.2581 4.3045 3.7963 3.5779 4.0800 3.8778 4.1617 3.9198 4.0571 0.9264 0.9488 0.8041 1.7744 0.8996 1.4376 0.8577 2.5392 1.0507 1.9517 2.4375 1.3088 1.7084 1.0950 1.8739 1.0260 1.4303 1.6621 1.2164 1.8038 1.0486 1.4211 0.9837 1.2459 1.1805 1.0323 0.9221 0.6091 1.1357 2.0121 1.9140 2.0023 1.6453 1.0434 1.6010 1.0956 0.8359 1.2747 1.6132 1.7425 1.6562 1.1098 1.6029 2.4879 1.5861 1.5590 1.5132 1.2305 2.5731 1.5543 0.9868 1.1342 0.8088 0.7797 0.7423 1.5504 2.0526 1.2440 0.8845 1.0507 0.4514 0.6391 0.4198 1.2540 1.1077 0.5117 0.6333 1.7045 1.8633 1.2538 0.6009 1.3121 1.6705 0.7447 0.6214 0.9590 0.8052 0.8645 0.6581 0.8938 1.0674 1.5279 0.6527 0.9106 1.1424 1.1480 0.7173 0.6797 0.9590 0.3271 0.5117 0.0000 1.1342 0.8010 0.6214 0.2154 0.7921 0.4531 0.7350 1.0403
3.8354 3.8332 3.9417 3.7648 3.8442 3.5429 3.8444 3.7426 3.8779 3.7629 3.7476 3.6626 3.8600 4.1838 4.0500 3.8017 3.9157 3.8168 3.5498 3.7427 3.5470 3.7175 4.2412 3.4927 3.3919 3.6425 3.6115 3.7396 3.8287 3.6654 3.6556 3.6948 3.8133 3.8923 3.7629 4.0180 3.9219 3.7629 3.9697 3.7386 3.9147 3.9414 3.9718 3.5855 3.3566 3.8208 3.6708 3.8579 3.7490 3.8325 1.2687 0.8532 1.1363 1.1788 0.8108 0.7571 0.7560 1.9414 0.9513 1.2742 1.7842 0.9364 1.2992 0.6073 1.5336 1.0804 0.6804 1.2002 0.7769 1.3115 0.5360 1.1635 0.5896 0.7577 0.9837 1.0023 1.0486 0.9146 0.6664 1.6900 1.4032 1.5222 1.2747 0.3271 0.7186 0.8406 0.9729 0.9078 1.0775 1.1652 0.8938 0.6724 1.1876 1.9253 0.9841 1.0323 0.9844 0.9283 2.1633 1.0679 1.0875 0.0000 1.4000 0.6374 0.9045 2.0986 0.9868 1.7226 1.0263 1.6738 0.7769 0.6073 1.0320 0.2224 0.5013 0.7447 0.7577 2.3092 2.3365 0.5828 1.2018 0.2621 2.2211 0.5117 1.0534 1.5325 0.4531 0.3979 0.7047 1.4645 1.7210 2.3386 0.7173 0.5749 0.6527 1.9958 0.8955 0.7014 0.3979 1.1266 1.0141 1.1342 0.0000 1.1937 1.1125 0.9364 0.5117 0.7192 0.7926 0.3072
4.7226 4.7512 4.8750 4.7191 4.7368 4.3801 4.7882 4.6460 4.8522 4.6829 4.5997 4.5912 4.7882 5.1535 4.8572 4.5645 4.7516 4.7036 4.3732 4.6153 4.4157 4.5960 5.1629 4.3940 4.3315 4.5566 4.5177 4.6193 4.7100 4.6109 4.5911 4.5596 4.6517 4.6964 4.6829 4.9175 4.7742 4.6829 4.9383 4.6318 4.8087 4.9081 4.9382 4.4860 4.2356 4.7494 4.5452 4.8064 4.6096 4.7359 1.3508 1.4918 1.1483 2.2094 1.4095 1.7257 1.3000 3.0053 1.4785 2.3483 2.8676 1.8333 2.1945 1.4140 2.4619 1.6013 1.7091 2.0919 1.6475 2.2766 1.2976 2.0219 1.2557 1.5134 1.7310 1.6031 1.2854 0.9844 1.5598 2.5996 2.3927 2.4962 2.1867 1.1427 1.8179 1.5336 1.3088 1.7357 2.0463 2.1827 1.9237 1.4853 2.1109 2.9751 1.9803 1.9646 1.9373 1.7478 3.1539 2.0187 0.5130 1.1937 0.3503 0.6724 0.3332 0.9550 2.1660 0.6986 0.7775 0.5241 0.8272 0.7769 0.4309 1.3444 1.1640 0.6542 0.6073 1.1339 1.2483 1.4015 0.2080 1.4126 1.1003 1.1120 0.2621 0.5749 1.2018 1.1386 0.5463 0.7465 0.7061 1.1932 0.5383 1.0665 1.0956 0.9065 0.5440 0.6333 1.2549 0.5130 0.3107 0.8010 1.1937 0.0000 0.2621 0.7061 1.0804 0.7399 0.7041 1.1117
4.5753 4.6031 4.7230 4.5713 4.5886 4.2298 4.6326 4.5007 4.7012 4.5428 4.4566 4.4471 4.6449 5.0001 4.7081 4.4085 4.5925 4.5510 4.2316 4.4640 4.2793 4.4397 5.0037 4.2376 4.1964 4.4145 4.3638 4.4754 4.5637 4.4662 4.4472 4.4062 4.5111 4.5489 4.5428 4.7652 4.6274 4.5428 4.7848 4.4872 4.6532 4.7545 4.7844 4.3214 4.0887 4.5953 4.4022 4.6560 4.4658 4.5882 1.3312 1.4020 1.1518 2.1081 1.3507 1.6608 1.2149 2.8749 1.4619 2.2073 2.7647 1.7001 2.1517 1.3770 2.3136 1.5235 1.5987 2.0341 1.6114 2.1841 1.1659 1.9113 1.2781 1.5238 1.6586 1.5263 1.2978 0.9590 1.4636 2.4861 2.2932 2.4005 2.0781 1.1457 1.7045 1.4096 1.2616 1.7087 1.9294 2.0709 1.8629 1.4269 2.0151 2.8485 1.8805 1.8757 1.8338 1.6704 3.0013 1.9083 0.4498 1.1125 0.5463 0.7786 0.3979 1.1570 2.0475 0.9432 0.9495 0.6000 0.7047 0.8057 0.4642 1.2557 1.0231 0.4642 0.7281 1.2911 1.4548 1.4450 0.2571 1.2792 1.3104 1.0431 0.4000 0.7916 1.0975 1.0317 0.6009 0.9590 0.9078 1.3240 0.5646 1.1200 1.2366 1.0320 0.4062 0.7281 1.1298 0.4747 0.2154 0.6214 1.1125 0.2621 0.0000 0.5429 1.0431 0.6581 0.5440 1.0317
4.0887 4.1206 4.2467 4.1051 4.1068 3.7482 4.1640 4.0185 4.2414 4.0643 3.9675 3.9757 4.1675 4.5370 4.2170 3.9420 4.1036 4.0634 3.7417 3.9845 3.7890 3.9568 4.5278 3.7523 3.7354 3.9328 3.8818 3.9878 4.0731 3.9984 3.9744 3.9099 4.0414 4.0734 4.0643 4.2760 4.1298 4.0643 4.3222 4.0015 4.1670 4.2783 4.3224 3.8396 3.6191 4.1160 3.9263 4.1870 3.9791 4.1030 0.9615 0.9619 0.8183 1.6867 0.9061 1.3297 0.8238 2.4719 1.0679 1.8496 2.3527 1.2649 1.6845 1.0231 1.8593 1.0749 1.2978 1.6241 1.1427 1.7524 0.8917 1.4345 0.8996 1.1888 1.2067 1.0749 0.9291 0.6073 1.0624 2.0144 1.8582 1.9588 1.6241 0.8938 1.4505 1.0301 0.8609 1.2427 1.5414 1.6608 1.5376 1.0510 1.5676 2.4279 1.4975 1.4935 1.4424 1.2287 2.5508 1.4946 0.8486 0.9364 0.7459 0.6333 0.6082 1.5155 1.8678 1.1871 0.7753 1.0254 0.3530 0.4919 0.3302 1.0507 0.9041 0.3302 0.5429 1.6971 1.8148 1.1120 0.5205 1.1168 1.6399 0.6240 0.5429 0.9166 0.6854 0.7166 0.4747 0.8811 1.0459 1.5867 0.4642 0.8363 1.0238 1.2002 0.5779 0.5646 0.8103 0.2924 0.4041 0.2154 0.9364 0.7061 0.5429 0.0000 0.6391 0.3271 0.5819 0.8609
3.7867 3.7900 3.9150 3.7543 3.8052 3.4975 3.8348 3.7015 3.8818 3.7245 3.6900 3.6423 3.8256 4.1846 3.9850 3.7639 3.8597 3.7676 3.4883 3.7059 3.4845 3.6768 4.2201 3.4460 3.3856 3.5970 3.5728 3.6870 3.7711 3.6507 3.6294 3.6269 3.7829 3.8484 3.7245 3.9648 3.8503 3.7245 3.9696 3.6900 3.8697 3.9276 3.9742 3.5489 3.3350 3.7856 3.6378 3.8446 3.6967 3.7862 0.9428 0.8108 0.7921 1.2018 0.5463 0.8359 0.8272 2.0317 0.7186 1.4086 1.8591 0.9146 1.2126 0.6073 1.4988 0.8532 0.8693 1.1674 0.6009 1.2978 0.7465 1.0775 0.4021 0.7399 0.8545 0.7900 0.6581 0.5819 0.6542 1.6288 1.4015 1.5094 1.2180 0.3979 1.0141 0.9683 0.7186 0.7606 1.1221 1.2000 1.0234 0.6854 1.1368 1.9872 1.0257 1.0615 1.0027 0.8545 2.1715 1.0591 1.2000 0.5117 1.1117 0.6550 0.8759 1.8591 1.4223 1.4831 0.8325 1.5336 0.7067 0.3302 0.7262 0.6009 0.6527 0.7577 0.6374 2.1459 2.1303 0.4905 0.9885 0.7192 1.9734 0.2154 0.9750 1.2751 0.3332 0.5130 0.6316 1.1168 1.3906 2.0830 0.6471 0.4514 0.7047 1.6216 1.0228 0.7000 0.5440 0.7958 0.8532 0.7921 0.5117 1.0804 1.0431 0.6391 0.0000 0.5217 0.9502 0.5759
3.9911 4.0166 4.1406 3.9863 4.0061 3.6601 4.0556 3.9132 4.1206 3.9496 3.8744 3.8589 4.0543 4.4213 4.1442 3.8710 4.0305 3.9718 3.6546 3.8891 3.6865 3.8672 4.4310 3.6598 3.6023 3.8227 3.7842 3.8887 3.9783 3.8782 3.8575 3.8291 3.9374 3.9881 3.9496 4.1834 4.0469 3.9496 4.2061 3.8994 4.0763 4.1712 4.2063 3.7539 3.5112 4.0145 3.8200 4.0731 3.8832 4.0022 0.7797 0.7813 0.6009 1.5058 0.7041 1.0644 0.6073 2.3003 0.8247 1.6676 2.1749 1.1027 1.4985 0.7405 1.7290 0.9033 1.0618 1.3926 1.0023 1.5577 0.6664 1.2893 0.6581 0.8917 1.0241 0.9000 0.6804 0.3503 0.8406 1.8652 1.6738 1.7749 1.4548 0.6009 1.2162 0.8416 0.6374 1.0644 1.3394 1.4730 1.2781 0.7916 1.3833 2.2622 1.2804 1.2649 1.2289 1.0323 2.4242 1.2994 0.8759 0.7192 0.8243 0.4327 0.6073 1.5974 1.6620 1.2280 0.7094 1.1221 0.2080 0.3107 0.3803 0.8640 0.7465 0.3332 0.3271 1.7782 1.8882 0.9166 0.6073 0.9142 1.7225 0.4121 0.5440 0.9550 0.4747 0.4626 0.4198 0.8541 1.1363 1.7082 0.4327 0.5217 0.7417 1.3543 0.5848 0.3332 0.5819 0.4198 0.5155 0.4531 0.7192 0.7399 0.6581 0.3271 0.5217 0.0000 0.5013 0.6082
4.2095 4.2269 4.3368 4.1737 4.2171 3.8742 4.2376 4.1273 4.2948 4.1638 4.1039 4.0591 4.2627 4.5959 4.3731 4.0677 4.2436 4.1857 3.8895 4.0959 3.9241 4.0724 4.6190 3.8668 3.8002 4.0397 3.9887 4.1130 4.2033 4.0719 4.0596 4.0553 4.1468 4.2005 4.1638 4.3983 4.2822 4.1638 4.3809 4.1195 4.2845 4.3650 4.3799 3.9475 3.7116 4.2136 4.0316 4.2610 4.1082 4.2170 1.1677 1.0792 1.0023 1.7564 1.0821 1.2745 0.8828 2.4472 1.1937 1.7595 2.3827 1.3259 1.8830 1.0621 1.9286 1.2344 1.1500 1.6870 1.4373 1.8220 0.7218 1.5822 1.1098 1.2366 1.3507 1.2291 1.1125 0.7769 1.1117 2.1322 1.9280 2.0371 1.7228 0.8967 1.2203 1.0260 1.0023 1.4936 1.5150 1.6887 1.4715 1.0931 1.6692 2.4395 1.4868 1.4809 1.4387 1.3492 2.6018 1.5238 0.6091 0.7926 0.9747 0.6374 0.5383 1.6563 1.5701 1.3219 1.0141 1.1077 0.4465 0.7465 0.6611 0.9813 0.6753 0.2571 0.6009 1.7797 1.9365 1.3223 0.7230 0.8359 1.7982 0.8406 0.5440 1.1049 0.8228 0.6804 0.6214 1.1373 1.3297 1.8175 0.6153 0.9110 1.0772 1.5580 0.2154 0.5440 0.7447 0.7230 0.5440 0.7350 0.7926 0.7041 0.5440 0.5819 0.9502 0.5013 0.0000 0.6240
3.8118 3.8201 3.9301 3.7551 3.8189 3.5007 3.8324 3.7216 3.8737 3.7461 3.7138 3.6435 3.8462 4.1795 4.0086 3.7361 3.8813 3.7952 3.5088 3.7098 3.5193 3.6903 4.2252 3.4771 3.3696 3.6267 3.5937 3.7138 3.8065 3.6520 3.6419 3.6739 3.7620 3.8381 3.7461 4.0032 3.8964 3.7461 3.9652 3.7164 3.8952 3.9437 3.9653 3.5689 3.3182 3.8112 3.6341 3.8475 3.7160 3.8146 1.1363 0.7218 1.0119 1.2305 0.7218 0.7094 0.5463 1.9626 0.8406 1.2931 1.8505 0.9110 1.3306 0.5155 1.5223 0.9726 0.6463 1.1548 0.9213 1.3051 0.3271 1.1375 0.6073 0.6664 0.9138 0.9086 0.9390 0.8010 0.6257 1.6727 1.4128 1.5235 1.2540 0.3302 0.7166 0.6611 0.8453 0.9565 1.0483 1.1805 0.8824 0.5819 1.1725 1.9501 0.9683 0.9841 0.9521 0.8729 2.1716 1.0449 1.0516 0.3072 1.3137 0.5749 0.8541 2.0259 1.1030 1.6477 0.9933 1.5544 0.6145 0.5440 0.9360 0.5217 0.6082 0.6431 0.6542 2.1900 2.2800 0.8148 1.1049 0.3708 2.1504 0.4626 0.9213 1.4316 0.3958 0.2520 0.6581 1.3658 1.6367 2.2047 0.6854 0.4626 0.6391 1.9090 0.7769 0.5749 0.3037 1.0180 0.9488 1.0403 0.3072 1.1117 1.0317 0.8609 0.5759 0.6082 0.6240 0.0000
